season,squad,winner,# Pl,Age,Poss,MP,Starts,Min,90s,Gls,Ast,G+A,G-PK,PK,PKatt,CrdY,CrdR,G+A-PK,Attendance,Sh,SoT,SoT%,Sh/90,SoT/90,G/Sh,G/SoT,Dist,xG,xGA,xGD,xGD/90,Pts
2010-2011,Bari,0,34.0,26.9,50.05,38.0,418.0,3420.0,38.0,0.71,0.47,1.18,0.58,5.0,8.0,79.0,7.0,1.05,55.15,473.0,130.0,31.95,12.47,3.42,0.09,0.17,18.1,,,,,24
2010-2011,Bologna,0,25.0,26.5,50.05,38.0,418.0,3420.0,38.0,0.92,0.53,1.45,0.89,1.0,4.0,87.0,4.0,1.42,55.15,473.0,133.0,31.95,12.47,3.5,0.09,0.26,18.1,,,,,42
2010-2011,Brescia,0,32.0,28.3,50.05,38.0,418.0,3420.0,38.0,0.89,0.47,1.37,0.76,5.0,6.0,104.0,5.0,1.24,55.15,473.0,159.0,31.95,12.47,4.18,0.09,0.18,18.1,,,,,32
2010-2011,Cagliari,0,22.0,26.2,50.05,38.0,418.0,3420.0,38.0,1.08,0.74,1.82,1.05,1.0,2.0,75.0,0.0,1.79,55.15,473.0,149.0,31.95,12.47,3.92,0.09,0.27,18.1,,,,,45
2010-2011,Catania,0,29.0,26.8,50.05,38.0,418.0,3420.0,38.0,1.0,0.55,1.55,0.92,3.0,3.0,73.0,7.0,1.47,55.15,473.0,156.0,31.95,12.47,4.11,0.09,0.22,18.1,,,,,46
2010-2011,Cesena,0,29.0,28.6,50.05,38.0,418.0,3420.0,38.0,0.97,0.61,1.58,0.87,4.0,5.0,86.0,7.0,1.47,55.15,473.0,129.0,31.95,12.47,3.39,0.09,0.26,18.1,,,,,43
2010-2011,Chievo,0,26.0,28.2,50.05,38.0,418.0,3420.0,38.0,0.97,0.55,1.53,0.95,1.0,2.0,97.0,4.0,1.5,55.15,473.0,167.0,31.95,12.47,4.39,0.09,0.22,18.1,,,,,46
2010-2011,Fiorentina,0,30.0,27.5,50.05,38.0,418.0,3420.0,38.0,1.24,0.84,2.08,1.16,3.0,4.0,73.0,5.0,2.0,55.15,473.0,186.0,31.95,12.47,4.89,0.09,0.24,18.1,,,,,51
2010-2011,Genoa,0,32.0,27.8,50.05,38.0,418.0,3420.0,38.0,1.11,0.76,1.87,1.05,2.0,2.0,69.0,5.0,1.82,55.15,473.0,162.0,31.95,12.47,4.26,0.09,0.25,18.1,,,,,51
2010-2011,Inter,0,30.0,29.5,50.05,38.0,418.0,3420.0,38.0,1.79,1.26,3.05,1.66,5.0,6.0,56.0,3.0,2.92,55.15,473.0,223.0,31.95,12.47,5.87,0.09,0.28,18.1,,,,,76
2010-2011,Juventus,0,32.0,27.4,50.05,38.0,418.0,3420.0,38.0,1.47,0.92,2.39,1.37,4.0,4.0,74.0,5.0,2.29,55.15,473.0,187.0,31.95,12.47,4.92,0.09,0.28,18.1,,,,,58
2010-2011,Lazio,0,25.0,28.0,50.05,38.0,418.0,3420.0,38.0,1.37,1.05,2.42,1.26,4.0,5.0,73.0,7.0,2.32,55.15,473.0,189.0,31.95,12.47,4.97,0.09,0.25,18.1,,,,,66
2010-2011,Lecce,0,26.0,27.4,50.05,38.0,418.0,3420.0,38.0,1.18,0.82,2.0,1.13,2.0,5.0,89.0,9.0,1.95,55.15,473.0,171.0,31.95,12.47,4.5,0.09,0.25,18.1,,,,,41
2010-2011,Milan,1,34.0,29.2,50.05,38.0,418.0,3420.0,38.0,1.66,1.24,2.89,1.53,5.0,6.0,69.0,5.0,2.76,55.15,473.0,234.0,31.95,12.47,6.16,0.09,0.25,18.1,,,,,82
2010-2011,Napoli,0,24.0,27.7,50.05,38.0,418.0,3420.0,38.0,1.53,1.18,2.71,1.34,7.0,10.0,101.0,5.0,2.53,55.15,473.0,199.0,31.95,12.47,5.24,0.09,0.26,18.1,,,,,70
2010-2011,Palermo,0,27.0,24.9,50.05,38.0,418.0,3420.0,38.0,1.53,0.82,2.34,1.47,2.0,4.0,82.0,3.0,2.29,55.15,473.0,206.0,31.95,12.47,5.42,0.09,0.27,18.1,,,,,56
2010-2011,Parma,0,31.0,28.1,50.05,38.0,418.0,3420.0,38.0,1.03,0.45,1.47,0.95,3.0,3.0,93.0,7.0,1.39,55.15,473.0,152.0,31.95,12.47,4.0,0.09,0.24,18.1,,,,,46
2010-2011,Roma,0,29.0,29.7,50.05,38.0,418.0,3420.0,38.0,1.5,0.87,2.37,1.21,11.0,13.0,84.0,9.0,2.08,55.15,473.0,187.0,31.95,12.47,4.92,0.09,0.25,18.1,,,,,63
2010-2011,Sampdoria,0,30.0,26.0,50.05,38.0,418.0,3420.0,38.0,0.84,0.34,1.18,0.66,7.0,8.0,84.0,5.0,1.0,55.15,473.0,131.0,31.95,12.47,3.45,0.09,0.19,18.1,,,,,36
2010-2011,Udinese,0,24.0,25.6,50.05,38.0,418.0,3420.0,38.0,1.71,1.08,2.79,1.58,5.0,7.0,77.0,7.0,2.66,55.15,473.0,205.0,31.95,12.47,5.39,0.09,0.29,18.1,,,,,66
2011-2012,Atalanta,0,30.0,26.8,50.05,38.0,418.0,3420.0,38.0,1.03,0.58,1.61,0.95,3.0,4.0,102.0,4.0,1.53,55.15,473.0,142.0,31.95,12.47,3.74,0.09,0.25,18.1,,,,,46
2011-2012,Bologna,0,27.0,28.1,50.05,38.0,418.0,3420.0,38.0,1.08,0.66,1.74,1.03,2.0,3.0,97.0,3.0,1.68,55.15,473.0,156.0,31.95,12.47,4.11,0.09,0.25,18.1,,,,,51
2011-2012,Cagliari,0,25.0,26.6,50.05,38.0,418.0,3420.0,38.0,0.92,0.53,1.45,0.76,6.0,6.0,83.0,2.0,1.29,55.15,473.0,152.0,31.95,12.47,4.0,0.09,0.19,18.1,,,,,43
2011-2012,Catania,0,33.0,27.5,50.05,38.0,418.0,3420.0,38.0,1.21,0.63,1.84,0.97,9.0,11.0,82.0,6.0,1.61,55.15,473.0,183.0,31.95,12.47,4.82,0.09,0.2,18.1,,,,,48
2011-2012,Cesena,0,34.0,28.8,50.05,38.0,418.0,3420.0,38.0,0.61,0.26,0.87,0.5,4.0,7.0,105.0,10.0,0.76,55.15,473.0,135.0,31.95,12.47,3.55,0.09,0.14,18.1,,,,,22
2011-2012,Chievo,0,26.0,28.0,50.05,38.0,418.0,3420.0,38.0,0.92,0.58,1.5,0.84,3.0,5.0,85.0,1.0,1.42,55.15,473.0,134.0,31.95,12.47,3.53,0.09,0.24,18.1,,,,,49
2011-2012,Fiorentina,0,28.0,27.0,50.05,38.0,418.0,3420.0,38.0,0.95,0.58,1.53,0.79,6.0,8.0,93.0,3.0,1.37,55.15,473.0,161.0,31.95,12.47,4.24,0.09,0.19,18.1,,,,,46
2011-2012,Genoa,0,29.0,28.3,50.05,38.0,418.0,3420.0,38.0,1.29,0.76,2.05,1.16,5.0,6.0,95.0,11.0,1.92,55.15,473.0,162.0,31.95,12.47,4.26,0.09,0.27,18.1,,,,,42
2011-2012,Inter,0,30.0,29.7,50.05,38.0,418.0,3420.0,38.0,1.5,1.03,2.53,1.29,8.0,11.0,63.0,4.0,2.32,55.15,473.0,199.0,31.95,12.47,5.24,0.09,0.25,18.1,,,,,58
2011-2012,Juventus,1,25.0,28.0,50.05,38.0,418.0,3420.0,38.0,1.76,1.18,2.95,1.71,2.0,4.0,72.0,4.0,2.89,55.15,473.0,264.0,31.95,12.47,6.95,0.09,0.25,18.1,,,,,84
2011-2012,Lazio,0,32.0,29.1,50.05,38.0,418.0,3420.0,38.0,1.42,0.97,2.39,1.24,7.0,7.0,81.0,9.0,2.21,55.15,473.0,180.0,31.95,12.47,4.74,0.09,0.26,18.1,,,,,62
2011-2012,Lecce,0,31.0,27.8,50.05,38.0,418.0,3420.0,38.0,1.05,0.55,1.61,0.89,6.0,7.0,113.0,9.0,1.45,55.15,473.0,140.0,31.95,12.47,3.68,0.09,0.24,18.1,,,,,36
2011-2012,Milan,0,32.0,29.1,50.05,38.0,418.0,3420.0,38.0,1.89,1.16,3.05,1.63,10.0,10.0,79.0,4.0,2.79,55.15,473.0,220.0,31.95,12.47,5.79,0.09,0.28,18.1,,,,,80
2011-2012,Napoli,0,25.0,28.3,50.05,38.0,418.0,3420.0,38.0,1.71,1.05,2.76,1.61,4.0,9.0,80.0,5.0,2.66,55.15,473.0,190.0,31.95,12.47,5.0,0.09,0.32,18.1,,,,,61
2011-2012,Novara,0,32.0,28.7,50.05,38.0,418.0,3420.0,38.0,0.89,0.45,1.34,0.74,6.0,7.0,83.0,6.0,1.18,55.15,473.0,153.0,31.95,12.47,4.03,0.09,0.18,18.1,,,,,32
2011-2012,Palermo,0,30.0,26.3,50.05,38.0,418.0,3420.0,38.0,1.32,0.89,2.21,1.18,5.0,5.0,91.0,6.0,2.08,55.15,473.0,189.0,31.95,12.47,4.97,0.09,0.24,18.1,,,,,43
2011-2012,Parma,0,32.0,28.2,50.05,38.0,418.0,3420.0,38.0,1.37,0.66,2.03,1.18,7.0,8.0,83.0,2.0,1.84,55.15,473.0,150.0,31.95,12.47,3.95,0.09,0.3,18.1,,,,,56
2011-2012,Roma,0,30.0,26.9,50.05,38.0,418.0,3420.0,38.0,1.55,1.05,2.61,1.5,2.0,4.0,80.0,10.0,2.55,55.15,473.0,213.0,31.95,12.47,5.61,0.09,0.27,18.1,,,,,56
2011-2012,Siena,0,29.0,28.2,50.05,38.0,418.0,3420.0,38.0,1.18,0.53,1.71,1.0,7.0,8.0,96.0,2.0,1.53,55.15,473.0,137.0,31.95,12.47,3.61,0.09,0.28,18.1,,,,,44
2011-2012,Udinese,0,26.0,26.7,50.05,38.0,418.0,3420.0,38.0,1.34,0.92,2.26,1.24,4.0,5.0,88.0,3.0,2.16,55.15,473.0,184.0,31.95,12.47,4.84,0.09,0.26,18.1,,,,,64
2012-2013,Atalanta,0,35.0,27.7,50.05,38.0,418.0,3420.0,38.0,1.0,0.66,1.66,0.87,5.0,5.0,126.0,12.0,1.53,55.15,473.0,148.0,31.95,12.47,3.89,0.09,0.22,18.1,,,,,40
2012-2013,Bologna,0,31.0,26.8,50.05,38.0,418.0,3420.0,38.0,1.18,0.74,1.92,1.08,4.0,5.0,106.0,3.0,1.82,55.15,473.0,165.0,31.95,12.47,4.34,0.09,0.25,18.1,,,,,44
2012-2013,Cagliari,0,25.0,26.1,50.05,38.0,408.0,3420.0,38.0,1.08,0.71,1.79,0.89,7.0,9.0,109.0,9.0,1.61,55.15,473.0,157.0,31.95,12.47,4.13,0.09,0.22,18.1,,,,,47
2012-2013,Catania,0,29.0,27.9,50.05,38.0,418.0,3420.0,38.0,1.32,1.0,2.32,1.29,1.0,2.0,95.0,7.0,2.29,55.15,473.0,155.0,31.95,12.47,4.08,0.09,0.32,18.1,,,,,56
2012-2013,Chievo,0,35.0,28.6,50.05,38.0,417.0,3420.0,38.0,0.97,0.63,1.61,0.84,5.0,6.0,105.0,4.0,1.47,55.15,473.0,121.0,31.95,12.47,3.18,0.09,0.26,18.1,,,,,45
2012-2013,Fiorentina,0,30.0,26.8,50.05,38.0,418.0,3420.0,38.0,1.84,1.47,3.32,1.66,7.0,10.0,93.0,3.0,3.13,55.15,473.0,220.0,31.95,12.47,5.79,0.09,0.29,18.1,,,,,70
2012-2013,Genoa,0,37.0,27.7,50.05,38.0,418.0,3420.0,38.0,1.0,0.82,1.82,0.95,2.0,4.0,105.0,4.0,1.76,55.15,473.0,160.0,31.95,12.47,4.21,0.09,0.23,18.1,,,,,38
2012-2013,Inter,0,36.0,28.2,50.05,38.0,418.0,3420.0,38.0,1.37,1.11,2.47,1.26,4.0,5.0,87.0,4.0,2.37,55.15,473.0,196.0,31.95,12.47,5.16,0.09,0.24,18.1,,,,,54
2012-2013,Juventus,1,28.0,27.8,50.05,38.0,418.0,3420.0,38.0,1.87,1.29,3.16,1.66,8.0,11.0,77.0,1.0,2.95,55.15,473.0,265.0,31.95,12.47,6.97,0.09,0.24,18.1,,,,,87
2012-2013,Lazio,0,28.0,29.1,50.05,38.0,418.0,3420.0,38.0,1.26,0.79,2.05,1.08,7.0,9.0,91.0,8.0,1.87,55.15,473.0,186.0,31.95,12.47,4.89,0.09,0.22,18.1,,,,,61
2012-2013,Milan,0,29.0,26.9,50.05,38.0,418.0,3420.0,38.0,1.68,0.95,2.63,1.42,10.0,11.0,99.0,7.0,2.37,55.15,473.0,241.0,31.95,12.47,6.34,0.09,0.22,18.1,,,,,72
2012-2013,Napoli,0,27.0,28.5,50.05,38.0,418.0,3420.0,38.0,1.89,1.45,3.34,1.71,7.0,10.0,90.0,0.0,3.16,55.15,473.0,235.0,31.95,12.47,6.18,0.09,0.28,18.1,,,,,78
2012-2013,Palermo,0,36.0,26.9,50.05,38.0,418.0,3420.0,38.0,0.89,0.68,1.58,0.84,2.0,2.0,98.0,8.0,1.53,55.15,473.0,178.0,31.95,12.47,4.68,0.09,0.18,18.1,,,,,32
2012-2013,Parma,0,33.0,28.1,50.05,38.0,418.0,3420.0,38.0,1.16,0.76,1.92,1.08,3.0,5.0,109.0,3.0,1.84,55.15,473.0,194.0,31.95,12.47,5.11,0.09,0.21,18.1,,,,,49
2012-2013,Pescara,0,39.0,25.8,50.05,38.0,418.0,3420.0,38.0,0.71,0.39,1.11,0.66,2.0,3.0,103.0,9.0,1.05,55.15,473.0,124.0,31.95,12.47,3.26,0.09,0.2,18.1,,,,,22
2012-2013,Roma,0,24.0,26.0,50.05,38.0,407.0,3420.0,38.0,1.79,1.13,2.92,1.66,5.0,7.0,91.0,8.0,2.79,55.15,473.0,229.0,31.95,12.47,6.03,0.09,0.28,18.1,,,,,62
2012-2013,Sampdoria,0,29.0,25.0,50.05,38.0,418.0,3420.0,38.0,1.08,0.76,1.84,0.92,6.0,7.0,93.0,9.0,1.68,55.15,473.0,148.0,31.95,12.47,3.89,0.09,0.24,18.1,,,,,42
2012-2013,Siena,0,37.0,28.9,50.05,38.0,418.0,3420.0,38.0,0.92,0.74,1.66,0.82,4.0,7.0,108.0,6.0,1.55,55.15,473.0,119.0,31.95,12.47,3.13,0.09,0.26,18.1,,,,,30
2012-2013,Torino,0,29.0,27.7,50.05,38.0,418.0,3420.0,38.0,1.18,0.84,2.03,1.05,5.0,6.0,86.0,5.0,1.89,55.15,473.0,153.0,31.95,12.47,4.03,0.09,0.26,18.1,,,,,39
2012-2013,Udinese,0,30.0,26.3,50.05,38.0,418.0,3420.0,38.0,1.55,0.97,2.53,1.45,4.0,6.0,90.0,6.0,2.42,55.15,473.0,176.0,31.95,12.47,4.63,0.09,0.31,18.1,,,,,66
2013-2014,Atalanta,0,31.0,28.4,50.05,38.0,418.0,3420.0,38.0,1.13,0.84,1.97,1.08,2.0,3.0,90.0,0.0,1.92,55.15,473.0,167.0,31.95,12.47,4.39,0.09,0.25,18.1,,,,,50
2013-2014,Bologna,0,28.0,28.6,50.05,38.0,418.0,3420.0,38.0,0.74,0.32,1.05,0.61,5.0,6.0,104.0,0.0,0.92,55.15,473.0,166.0,31.95,12.47,4.37,0.09,0.14,18.1,,,,,29
2013-2014,Cagliari,0,31.0,27.2,50.05,38.0,418.0,3420.0,38.0,0.89,0.55,1.45,0.76,5.0,8.0,104.0,0.0,1.32,55.15,473.0,139.0,31.95,12.47,3.66,0.09,0.21,18.1,,,,,39
2013-2014,Catania,0,34.0,27.2,50.05,38.0,418.0,3420.0,38.0,0.89,0.61,1.5,0.82,3.0,3.0,102.0,0.0,1.42,55.15,473.0,166.0,31.95,12.47,4.37,0.09,0.19,18.1,,,,,32
2013-2014,Chievo,0,36.0,28.9,50.05,38.0,418.0,3420.0,38.0,0.87,0.63,1.5,0.71,6.0,7.0,107.0,0.0,1.34,55.15,473.0,149.0,31.95,12.47,3.92,0.09,0.18,18.1,,,,,36
2013-2014,Fiorentina,0,31.0,27.7,50.05,38.0,418.0,3420.0,38.0,1.71,1.08,2.79,1.42,11.0,11.0,90.0,0.0,2.5,55.15,473.0,189.0,31.95,12.47,4.97,0.09,0.29,18.1,,,,,65
2013-2014,Genoa,0,31.0,27.2,50.05,38.0,418.0,3420.0,38.0,1.03,0.61,1.63,0.89,5.0,9.0,100.0,0.0,1.5,55.15,473.0,150.0,31.95,12.47,3.95,0.09,0.23,18.1,,,,,44
2013-2014,Hellas Verona,0,29.0,28.4,50.05,38.0,418.0,3420.0,38.0,1.58,1.0,2.58,1.37,8.0,8.0,71.0,0.0,2.37,55.15,473.0,173.0,31.95,12.47,4.55,0.09,0.3,18.1,,,,,54
2013-2014,Inter,0,28.0,27.6,50.05,38.0,418.0,3420.0,38.0,1.55,1.26,2.82,1.55,0.0,1.0,73.0,0.0,2.82,55.15,473.0,205.0,31.95,12.47,5.39,0.09,0.29,18.1,,,,,60
2013-2014,Juventus,1,26.0,28.3,50.05,38.0,418.0,3420.0,38.0,2.05,1.42,3.47,1.95,4.0,4.0,70.0,0.0,3.37,55.15,473.0,243.0,31.95,12.47,6.39,0.09,0.3,18.1,,,,,102
2013-2014,Lazio,0,30.0,28.0,50.05,38.0,418.0,3420.0,38.0,1.34,0.79,2.13,1.16,7.0,8.0,90.0,0.0,1.95,55.15,473.0,198.0,31.95,12.47,5.21,0.09,0.22,18.1,,,,,56
2013-2014,Livorno,0,31.0,25.7,50.05,38.0,418.0,3420.0,38.0,0.97,0.61,1.58,0.87,4.0,4.0,115.0,0.0,1.47,55.15,473.0,154.0,31.95,12.47,4.05,0.09,0.21,18.1,,,,,25
2013-2014,Milan,0,32.0,28.0,50.05,38.0,418.0,3420.0,38.0,1.45,0.87,2.32,1.37,3.0,5.0,92.0,0.0,2.24,55.15,473.0,225.0,31.95,12.47,5.92,0.09,0.23,18.1,,,,,57
2013-2014,Napoli,0,30.0,27.1,50.05,38.0,418.0,3420.0,38.0,2.0,1.34,3.34,1.82,7.0,9.0,79.0,0.0,3.16,55.15,473.0,258.0,31.95,12.47,6.79,0.09,0.27,18.1,,,,,78
2013-2014,Parma,0,30.0,29.5,50.05,38.0,418.0,3420.0,38.0,1.47,1.0,2.47,1.39,3.0,6.0,103.0,0.0,2.39,55.15,473.0,172.0,31.95,12.47,4.53,0.09,0.31,18.1,,,,,58
2013-2014,Roma,0,29.0,27.5,50.05,38.0,417.0,3420.0,38.0,1.84,1.34,3.18,1.68,6.0,6.0,87.0,0.0,3.03,55.15,473.0,239.0,31.95,12.47,6.29,0.09,0.27,18.1,,,,,85
2013-2014,Sampdoria,0,33.0,25.3,50.05,38.0,418.0,3420.0,38.0,1.21,0.76,1.97,1.11,4.0,5.0,110.0,0.0,1.87,55.15,473.0,195.0,31.95,12.47,5.13,0.09,0.22,18.1,,,,,45
2013-2014,Sassuolo,0,38.0,26.5,50.05,38.0,418.0,3420.0,38.0,1.13,0.66,1.79,0.95,7.0,8.0,101.0,0.0,1.61,55.15,473.0,170.0,31.95,12.47,4.47,0.09,0.21,18.1,,,,,34
2013-2014,Torino,0,26.0,27.1,50.05,38.0,418.0,3420.0,38.0,1.5,0.92,2.42,1.37,5.0,8.0,94.0,0.0,2.29,55.15,473.0,192.0,31.95,12.47,5.05,0.09,0.27,18.1,,,,,57
2013-2014,Udinese,0,27.0,25.8,50.05,38.0,418.0,3420.0,38.0,1.18,0.66,1.84,1.03,6.0,8.0,85.0,0.0,1.68,55.15,473.0,177.0,31.95,12.47,4.66,0.09,0.22,18.1,,,,,44
2014-2015,Atalanta,0,32.0,28.1,46.4,38.0,418.0,3420.0,38.0,0.97,0.55,1.53,0.87,4.0,5.0,113.0,0.0,1.42,15162.0,473.0,144.0,31.95,12.47,3.79,0.09,0.23,18.1,,,,,37
2014-2015,Cagliari,0,29.0,25.7,48.2,38.0,418.0,3420.0,38.0,1.18,0.82,2.0,1.08,4.0,7.0,115.0,0.0,1.89,10896.0,473.0,193.0,31.95,12.47,5.08,0.09,0.21,18.1,,,,,34
2014-2015,Cesena,0,33.0,27.3,44.4,38.0,418.0,3420.0,38.0,0.89,0.61,1.5,0.76,5.0,6.0,107.0,0.0,1.37,16260.0,473.0,121.0,31.95,12.47,3.18,0.09,0.24,18.1,,,,,24
2014-2015,Chievo,0,27.0,29.1,44.8,38.0,418.0,3420.0,38.0,0.71,0.53,1.24,0.68,1.0,2.0,86.0,0.0,1.21,11317.0,473.0,151.0,31.95,12.47,3.97,0.09,0.17,18.1,,,,,43
2014-2015,Empoli,0,26.0,25.1,49.4,38.0,418.0,3420.0,38.0,1.13,0.92,2.05,1.05,3.0,3.0,64.0,0.0,1.97,9180.0,473.0,184.0,31.95,12.47,4.84,0.09,0.22,18.1,,,,,42
2014-2015,Fiorentina,0,30.0,27.9,55.9,38.0,418.0,3420.0,38.0,1.61,1.08,2.68,1.55,2.0,7.0,86.0,0.0,2.63,30321.0,473.0,222.0,31.95,12.47,5.84,0.09,0.27,18.1,,,,,64
2014-2015,Genoa,0,33.0,26.0,50.9,38.0,418.0,3420.0,38.0,1.53,1.08,2.61,1.39,5.0,7.0,108.0,0.0,2.47,20031.0,473.0,184.0,31.95,12.47,4.84,0.09,0.29,18.1,,,,,59
2014-2015,Hellas Verona,0,30.0,29.7,44.1,38.0,418.0,3420.0,38.0,1.26,0.92,2.18,1.16,4.0,6.0,105.0,0.0,2.08,19303.0,473.0,170.0,31.95,12.47,4.47,0.09,0.26,18.1,,,,,46
2014-2015,Inter,0,34.0,26.5,56.6,38.0,418.0,3420.0,38.0,1.53,0.95,2.47,1.39,5.0,7.0,101.0,0.0,2.34,37062.0,473.0,205.0,31.95,12.47,5.39,0.09,0.26,18.1,,,,,55
2014-2015,Juventus,1,28.0,28.8,56.2,38.0,418.0,3420.0,38.0,1.87,1.16,3.03,1.71,6.0,9.0,76.0,0.0,2.87,38533.0,473.0,221.0,31.95,12.47,5.82,0.09,0.29,18.1,,,,,87
2014-2015,Lazio,0,29.0,28.0,52.2,38.0,418.0,3420.0,38.0,1.84,1.24,3.08,1.76,3.0,5.0,114.0,0.0,3.0,35105.0,473.0,232.0,31.95,12.47,6.11,0.09,0.29,18.1,,,,,69
2014-2015,Milan,0,35.0,28.1,51.3,38.0,418.0,3420.0,38.0,1.42,0.87,2.29,1.13,11.0,11.0,96.0,0.0,2.0,36661.0,473.0,161.0,31.95,12.47,4.24,0.09,0.27,18.1,,,,,52
2014-2015,Napoli,0,26.0,27.0,54.8,38.0,418.0,3420.0,38.0,1.71,1.08,2.79,1.61,4.0,9.0,86.0,0.0,2.68,33969.0,473.0,257.0,31.95,12.47,6.76,0.09,0.24,18.1,,,,,63
2014-2015,Palermo,0,31.0,26.8,49.6,38.0,418.0,3420.0,38.0,1.37,0.89,2.26,1.24,5.0,7.0,89.0,0.0,2.13,17481.0,473.0,169.0,31.95,12.47,4.45,0.09,0.28,18.1,,,,,49
2014-2015,Parma,0,38.0,28.4,44.9,38.0,418.0,3420.0,38.0,0.82,0.53,1.34,0.76,2.0,2.0,110.0,0.0,1.29,11905.0,473.0,131.0,31.95,12.47,3.45,0.09,0.22,18.1,,,,,19
2014-2015,Roma,0,32.0,28.0,57.3,38.0,418.0,3420.0,38.0,1.39,1.05,2.45,1.24,6.0,7.0,111.0,0.0,2.29,40135.0,473.0,185.0,31.95,12.47,4.87,0.09,0.25,18.1,,,,,70
2014-2015,Sampdoria,0,30.0,26.2,50.4,38.0,418.0,3420.0,38.0,1.21,0.79,2.0,1.16,2.0,2.0,103.0,0.0,1.95,21746.0,473.0,162.0,31.95,12.47,4.26,0.09,0.27,18.1,,,,,56
2014-2015,Sassuolo,0,27.0,27.0,47.0,38.0,418.0,3420.0,38.0,1.24,0.79,2.03,1.05,7.0,9.0,115.0,0.0,1.84,12820.0,473.0,164.0,31.95,12.47,4.32,0.09,0.24,18.1,,,,,49
2014-2015,Torino,0,31.0,28.1,49.2,38.0,418.0,3420.0,38.0,1.26,0.84,2.11,1.18,3.0,6.0,100.0,0.0,2.03,15674.0,473.0,177.0,31.95,12.47,4.66,0.09,0.25,18.1,,,,,54
2014-2015,Udinese,0,28.0,26.9,46.5,38.0,418.0,3420.0,38.0,1.08,0.71,1.79,1.05,1.0,1.0,99.0,0.0,1.76,8936.0,473.0,132.0,31.95,12.47,3.47,0.09,0.3,18.1,,,,,41
2015-2016,Atalanta,0,33.0,27.8,48.4,38.0,418.0,3420.0,38.0,1.0,0.61,1.61,0.89,4.0,6.0,114.0,0.0,1.5,15945.0,473.0,135.0,31.95,12.47,3.55,0.09,0.25,18.1,,,,,45
2015-2016,Bologna,0,31.0,27.0,45.8,38.0,418.0,3420.0,38.0,0.87,0.58,1.45,0.82,2.0,3.0,98.0,0.0,1.39,20908.0,473.0,110.0,31.95,12.47,2.89,0.09,0.28,18.1,,,,,42
2015-2016,Carpi,0,35.0,25.9,38.6,38.0,418.0,3420.0,38.0,0.87,0.58,1.45,0.74,5.0,8.0,115.0,0.0,1.32,8808.0,473.0,126.0,31.95,12.47,3.32,0.09,0.22,18.1,,,,,38
2015-2016,Chievo,0,26.0,30.5,45.3,38.0,418.0,3420.0,38.0,1.11,0.74,1.84,0.97,5.0,8.0,108.0,0.0,1.71,11132.0,473.0,130.0,31.95,12.47,3.42,0.09,0.28,18.1,,,,,50
2015-2016,Empoli,0,29.0,25.4,52.5,38.0,418.0,3420.0,38.0,1.03,0.76,1.79,1.0,1.0,2.0,101.0,0.0,1.76,10220.0,473.0,147.0,31.95,12.47,3.87,0.09,0.26,18.1,,,,,46
2015-2016,Fiorentina,0,26.0,27.6,61.0,38.0,418.0,3420.0,38.0,1.53,1.0,2.53,1.32,8.0,9.0,102.0,0.0,2.32,29698.0,473.0,178.0,31.95,12.47,4.68,0.09,0.28,18.1,,,,,64
2015-2016,Frosinone,0,28.0,26.5,39.7,38.0,418.0,3420.0,38.0,0.89,0.58,1.47,0.82,3.0,3.0,116.0,0.0,1.39,7250.0,473.0,127.0,31.95,12.47,3.34,0.09,0.24,18.1,,,,,31
2015-2016,Genoa,0,30.0,26.7,50.2,38.0,418.0,3420.0,38.0,1.16,0.92,2.08,1.05,4.0,4.0,91.0,0.0,1.97,20938.0,473.0,150.0,31.95,12.47,3.95,0.09,0.27,18.1,,,,,46
2015-2016,Hellas Verona,0,32.0,27.5,45.3,38.0,418.0,3420.0,38.0,0.89,0.61,1.5,0.74,6.0,7.0,97.0,0.0,1.34,18184.0,473.0,140.0,31.95,12.47,3.68,0.09,0.2,18.1,,,,,28
2015-2016,Inter,0,28.0,26.7,55.0,38.0,418.0,3420.0,38.0,1.29,0.92,2.21,1.24,2.0,3.0,104.0,0.0,2.16,45538.0,473.0,170.0,31.95,12.47,4.47,0.09,0.28,18.1,,,,,67
2015-2016,Juventus,1,28.0,28.3,56.0,38.0,418.0,3420.0,38.0,1.89,1.42,3.32,1.66,9.0,9.0,97.0,0.0,3.08,38463.0,473.0,213.0,31.95,12.47,5.61,0.09,0.3,18.1,,,,,91
2015-2016,Lazio,0,27.0,27.6,54.4,38.0,418.0,3420.0,38.0,1.37,0.82,2.18,1.13,9.0,11.0,107.0,0.0,1.95,20561.0,473.0,150.0,31.95,12.47,3.95,0.09,0.29,18.1,,,,,54
2015-2016,Milan,0,30.0,26.4,52.9,38.0,418.0,3420.0,38.0,1.29,0.74,2.03,1.13,6.0,7.0,96.0,0.0,1.87,37823.0,473.0,165.0,31.95,12.47,4.34,0.09,0.26,18.1,,,,,57
2015-2016,Napoli,0,22.0,26.5,62.6,38.0,418.0,3420.0,38.0,2.05,1.47,3.53,1.87,7.0,8.0,72.0,0.0,3.34,39436.0,473.0,244.0,31.95,12.47,6.42,0.09,0.29,18.1,,,,,82
2015-2016,Palermo,0,31.0,26.8,43.2,38.0,418.0,3420.0,38.0,0.97,0.82,1.79,0.95,1.0,1.0,103.0,0.0,1.76,19108.0,473.0,134.0,31.95,12.47,3.53,0.09,0.27,18.1,,,,,39
2015-2016,Roma,0,32.0,26.2,57.7,38.0,418.0,3420.0,38.0,2.18,1.45,3.63,2.08,4.0,4.0,87.0,0.0,3.53,40190.0,473.0,220.0,31.95,12.47,5.79,0.09,0.36,18.1,,,,,80
2015-2016,Sampdoria,0,35.0,27.5,49.4,38.0,418.0,3420.0,38.0,1.18,0.79,1.97,1.11,3.0,3.0,111.0,0.0,1.89,21969.0,473.0,150.0,31.95,12.47,3.95,0.09,0.28,18.1,,,,,40
2015-2016,Sassuolo,0,26.0,27.0,51.1,38.0,418.0,3420.0,38.0,1.26,0.87,2.13,1.16,4.0,5.0,98.0,0.0,2.03,12078.0,473.0,166.0,31.95,12.47,4.37,0.09,0.27,18.1,,,,,61
2015-2016,Torino,0,27.0,27.6,47.5,38.0,418.0,3420.0,38.0,1.29,0.76,2.05,1.05,9.0,11.0,99.0,0.0,1.82,19560.0,473.0,173.0,31.95,12.47,4.55,0.09,0.23,18.1,,,,,45
2015-2016,Udinese,0,28.0,27.6,44.4,38.0,418.0,3420.0,38.0,0.89,0.61,1.5,0.84,2.0,2.0,105.0,0.0,1.45,16698.0,473.0,147.0,31.95,12.47,3.87,0.09,0.22,18.1,,,,,39
2016-2017,Atalanta,0,32.0,25.2,50.2,38.0,417.0,3420.0,38.0,1.63,1.13,2.76,1.5,5.0,5.0,90.0,2.0,2.63,16946.0,536.0,201.0,37.5,14.11,5.29,0.11,0.28,18.1,,,,,72
2016-2017,Bologna,0,28.0,26.3,46.3,38.0,418.0,3420.0,38.0,1.03,0.76,1.79,1.0,1.0,2.0,87.0,2.0,1.76,21912.0,424.0,145.0,34.2,11.16,3.82,0.09,0.26,18.1,,,,,41
2016-2017,Cagliari,0,34.0,28.7,43.2,38.0,418.0,3420.0,38.0,1.39,0.79,2.18,1.29,4.0,6.0,104.0,3.0,2.08,13024.0,431.0,161.0,37.4,11.34,4.24,0.11,0.3,18.1,,,,,47
2016-2017,Chievo,0,29.0,31.3,46.7,38.0,418.0,3420.0,38.0,1.11,0.76,1.87,1.0,4.0,5.0,88.0,3.0,1.76,12711.0,405.0,129.0,31.9,10.66,3.39,0.09,0.29,18.1,,,,,43
2016-2017,Crotone,0,31.0,26.0,37.1,38.0,418.0,3420.0,38.0,0.89,0.58,1.47,0.79,4.0,5.0,93.0,3.0,1.37,8226.0,408.0,129.0,31.6,10.74,3.39,0.07,0.23,18.1,,,,,34
2016-2017,Empoli,0,29.0,26.8,49.0,38.0,418.0,3420.0,38.0,0.76,0.5,1.26,0.66,4.0,5.0,107.0,0.0,1.16,9483.0,364.0,127.0,34.9,9.58,3.34,0.07,0.2,18.1,,,,,32
2016-2017,Fiorentina,0,30.0,27.3,58.3,38.0,418.0,3420.0,38.0,1.63,1.21,2.84,1.47,6.0,10.0,98.0,3.0,2.68,26470.0,614.0,224.0,36.5,16.16,5.89,0.09,0.25,18.1,,,,,60
2016-2017,Genoa,0,33.0,26.9,48.8,38.0,418.0,3420.0,38.0,0.95,0.79,1.74,0.89,2.0,3.0,97.0,4.0,1.68,21445.0,453.0,148.0,32.7,11.92,3.89,0.08,0.23,18.1,,,,,36
2016-2017,Inter,0,29.0,27.5,56.4,38.0,418.0,3420.0,38.0,1.84,1.45,3.29,1.76,3.0,5.0,81.0,3.0,3.21,45689.0,636.0,212.0,33.3,16.74,5.58,0.11,0.32,18.1,,,,,62
2016-2017,Juventus,1,27.0,29.1,57.0,38.0,418.0,3420.0,38.0,1.89,1.29,3.18,1.82,3.0,3.0,70.0,0.0,3.11,39518.0,588.0,211.0,35.9,15.47,5.55,0.12,0.33,18.1,,,,,91
2016-2017,Lazio,0,30.0,26.0,51.0,38.0,418.0,3420.0,38.0,1.92,1.24,3.16,1.61,12.0,14.0,96.0,3.0,2.84,21053.0,590.0,212.0,35.9,15.53,5.58,0.1,0.29,18.1,,,,,70
2016-2017,Milan,0,28.0,25.0,54.1,38.0,418.0,3420.0,38.0,1.45,1.03,2.47,1.26,7.0,12.0,98.0,9.0,2.29,40294.0,556.0,191.0,34.4,14.63,5.03,0.09,0.25,18.1,,,,,63
2016-2017,Napoli,0,26.0,26.9,62.1,38.0,418.0,3420.0,38.0,2.47,1.79,4.26,2.34,5.0,6.0,58.0,0.0,4.13,36605.0,672.0,261.0,38.8,17.68,6.87,0.13,0.34,18.1,,,,,86
2016-2017,Palermo,0,30.0,26.1,45.6,38.0,418.0,3420.0,38.0,0.87,0.63,1.5,0.84,1.0,1.0,107.0,6.0,1.47,12871.0,385.0,119.0,30.9,10.13,3.13,0.08,0.27,18.1,,,,,26
2016-2017,Pescara,0,34.0,26.6,46.4,38.0,418.0,3420.0,38.0,0.84,0.71,1.55,0.79,2.0,6.0,98.0,3.0,1.5,13308.0,449.0,145.0,32.3,11.82,3.82,0.07,0.21,18.1,,,,,18
2016-2017,Roma,0,22.0,26.7,57.1,38.0,418.0,3420.0,38.0,2.32,1.55,3.87,2.0,12.0,14.0,64.0,0.0,3.55,32638.0,677.0,235.0,34.7,17.82,6.18,0.11,0.32,18.1,,,,,87
2016-2017,Sampdoria,0,24.0,26.6,52.3,38.0,418.0,3420.0,38.0,1.18,0.82,2.0,1.0,7.0,8.0,75.0,1.0,1.82,19852.0,504.0,165.0,32.7,13.26,4.34,0.08,0.23,18.1,,,,,48
2016-2017,Sassuolo,0,28.0,26.7,46.8,38.0,418.0,3420.0,38.0,1.55,0.95,2.5,1.32,9.0,10.0,90.0,0.0,2.26,12362.0,445.0,173.0,38.9,11.71,4.55,0.11,0.29,18.1,,,,,46
2016-2017,Torino,0,29.0,26.4,50.7,38.0,418.0,3420.0,38.0,1.84,1.42,3.26,1.71,5.0,9.0,88.0,3.0,3.13,19300.0,580.0,185.0,31.9,15.26,4.87,0.11,0.35,18.1,,,,,53
2016-2017,Udinese,0,29.0,26.7,41.8,38.0,418.0,3420.0,38.0,1.24,0.76,2.0,1.18,2.0,3.0,85.0,0.0,1.95,16716.0,435.0,155.0,35.6,11.45,4.08,0.1,0.29,18.1,,,,,45
2017-2018,Atalanta,0,25.0,25.7,55.4,38.0,418.0,3420.0,38.0,64.1,57.2,44.7,101.8,5.0,9.0,66.0,3.0,933.0,64.1,570.0,192.0,33.7,15.0,5.05,0.09,0.27,16.9,,,,,60
2017-2018,Benevento,0,41.0,26.0,47.5,38.0,418.0,3420.0,38.0,38.3,36.0,28.8,64.7,2.0,3.0,79.0,3.0,772.0,38.3,470.0,145.0,30.9,12.37,3.82,0.06,0.21,19.8,,,,,21
2017-2018,Bologna,0,30.0,26.8,46.8,38.0,418.0,3420.0,38.0,36.6,34.3,24.3,58.6,2.0,3.0,101.0,3.0,586.0,36.6,356.0,119.0,33.4,9.37,3.13,0.1,0.29,19.4,,,,,39
2017-2018,Cagliari,0,29.0,27.1,45.3,38.0,418.0,3420.0,38.0,39.7,34.2,27.4,61.6,4.0,7.0,96.0,3.0,464.0,39.7,374.0,113.0,30.2,9.84,2.97,0.08,0.26,18.3,,,,,39
2017-2018,Chievo,0,25.0,30.3,44.4,38.0,418.0,3420.0,38.0,34.1,32.5,25.2,57.7,1.0,2.0,75.0,3.0,554.0,34.1,389.0,131.0,33.7,10.24,3.45,0.09,0.27,18.7,,,,,40
2017-2018,Crotone,0,29.0,25.6,39.9,38.0,418.0,3420.0,38.0,34.6,32.2,23.4,55.6,2.0,3.0,65.0,3.0,472.0,34.6,378.0,129.0,34.1,9.95,3.39,0.1,0.28,20.0,,,,,35
2017-2018,Fiorentina,0,27.0,25.0,52.6,38.0,418.0,3420.0,38.0,54.5,48.3,37.9,86.2,7.0,8.0,89.0,3.0,737.0,54.5,611.0,179.0,29.3,16.08,4.71,0.08,0.26,19.3,,,,,57
2017-2018,Genoa,0,33.0,27.9,46.3,38.0,418.0,3420.0,38.0,43.5,39.6,31.9,71.5,4.0,5.0,75.0,3.0,699.0,43.5,413.0,120.0,29.1,10.87,3.16,0.07,0.23,17.5,,,,,41
2017-2018,Hellas Verona,0,32.0,25.9,41.9,38.0,418.0,3420.0,38.0,33.0,27.7,21.1,48.8,7.0,7.0,98.0,3.0,635.0,33.0,354.0,89.0,25.1,9.32,2.34,0.06,0.26,20.5,,,,,25
2017-2018,Inter,0,22.0,27.6,57.1,38.0,418.0,3420.0,38.0,56.7,51.3,43.8,95.2,6.0,7.0,69.0,3.0,947.0,56.7,565.0,195.0,34.5,14.87,5.13,0.1,0.3,18.0,,,,,72
2017-2018,Juventus,1,24.0,29.2,57.2,38.0,418.0,3420.0,38.0,55.3,49.4,37.9,87.2,4.0,8.0,66.0,3.0,789.0,55.3,546.0,198.0,36.3,14.37,5.21,0.14,0.39,18.9,,,,,95
2017-2018,Lazio,0,24.0,26.5,51.1,38.0,418.0,3420.0,38.0,63.7,55.2,45.8,101.0,9.0,11.0,79.0,3.0,915.0,63.7,542.0,199.0,36.7,14.26,5.24,0.14,0.39,18.4,,,,,72
2017-2018,Milan,0,24.0,25.0,56.0,38.0,418.0,3420.0,38.0,51.2,46.6,35.3,81.9,4.0,6.0,75.0,3.0,778.0,51.2,606.0,214.0,35.3,15.95,5.63,0.08,0.23,19.6,,,,,64
2017-2018,Napoli,0,23.0,28.0,63.4,38.0,418.0,3420.0,38.0,67.1,60.7,50.8,111.6,6.0,8.0,58.0,3.0,971.0,67.1,648.0,245.0,37.8,17.05,6.45,0.1,0.27,19.0,,,,,91
2017-2018,Roma,0,27.0,27.4,58.0,38.0,418.0,3420.0,38.0,63.4,58.8,46.7,105.5,3.0,6.0,48.0,3.0,938.0,63.4,637.0,199.0,31.2,16.76,5.24,0.08,0.27,18.6,,,,,77
2017-2018,SPAL,0,29.0,26.7,44.7,38.0,418.0,3420.0,38.0,35.8,31.1,21.5,52.5,5.0,6.0,101.0,3.0,704.0,35.8,368.0,109.0,29.6,9.68,2.87,0.09,0.29,19.6,,,,,38
2017-2018,Sampdoria,0,27.0,27.0,53.6,38.0,418.0,3420.0,38.0,53.5,47.2,35.5,82.7,7.0,8.0,69.0,3.0,614.0,53.5,474.0,163.0,34.4,12.47,4.29,0.1,0.3,18.8,,,,,54
2017-2018,Sassuolo,0,28.0,27.2,42.9,38.0,418.0,3420.0,38.0,46.3,38.4,27.7,66.1,4.0,10.0,89.0,3.0,640.0,46.3,489.0,134.0,27.4,12.87,3.53,0.05,0.18,19.5,,,,,43
2017-2018,Torino,0,27.0,28.1,51.1,38.0,418.0,3420.0,38.0,46.0,44.4,35.1,79.6,0.0,2.0,78.0,3.0,703.0,46.0,449.0,151.0,33.6,11.82,3.97,0.12,0.35,17.8,,,,,54
2017-2018,Udinese,0,27.0,26.5,44.7,38.0,418.0,3420.0,38.0,43.2,37.7,29.4,67.1,7.0,7.0,72.0,3.0,605.0,43.2,436.0,131.0,30.0,11.47,3.45,0.09,0.29,19.1,,,,,40
2018-2019,Atalanta,0,27.0,26.5,57.3,38.0,418.0,3420.0,38.0,72.2,69.0,55.8,124.8,2.0,4.0,63.0,3.0,1104.0,72.2,637.0,214.0,33.6,16.76,5.63,0.11,0.34,16.6,,,,,69
2018-2019,Bologna,0,29.0,27.0,44.9,38.0,418.0,3420.0,38.0,46.8,42.9,30.8,73.7,5.0,5.0,94.0,6.0,675.0,46.8,495.0,158.0,31.9,13.03,4.16,0.08,0.25,18.7,,,,,44
2018-2019,Cagliari,0,30.0,27.9,49.8,38.0,418.0,3420.0,38.0,42.1,39.7,30.7,70.4,2.0,3.0,99.0,9.0,555.0,42.1,433.0,124.0,28.6,11.39,3.26,0.08,0.27,17.9,,,,,41
2018-2019,Chievo,0,36.0,28.3,43.3,38.0,418.0,3420.0,38.0,36.0,31.7,25.6,57.3,4.0,6.0,116.0,7.0,500.0,36.0,385.0,110.0,28.6,10.13,2.89,0.05,0.19,19.6,,,,,17
2018-2019,Empoli,0,29.0,26.4,47.9,38.0,418.0,3420.0,38.0,52.4,46.8,37.5,84.3,4.0,7.0,74.0,3.0,801.0,52.4,450.0,148.0,32.9,11.84,3.89,0.1,0.3,17.8,,,,,38
2018-2019,Fiorentina,0,27.0,24.1,50.4,38.0,418.0,3420.0,38.0,54.0,49.2,35.8,85.0,5.0,6.0,91.0,5.0,801.0,54.0,579.0,168.0,29.0,15.24,4.42,0.07,0.24,18.6,,,,,41
2018-2019,Frosinone,0,33.0,26.4,41.5,38.0,418.0,3420.0,38.0,38.9,35.1,27.1,62.2,4.0,5.0,99.0,2.0,520.0,38.9,450.0,120.0,26.7,11.84,3.16,0.05,0.2,19.3,,,,,25
2018-2019,Genoa,0,31.0,26.0,43.4,38.0,418.0,3420.0,38.0,46.9,43.0,32.5,75.5,4.0,5.0,96.0,7.0,690.0,46.9,528.0,147.0,27.8,13.89,3.87,0.06,0.22,18.9,,,,,38
2018-2019,Inter,0,23.0,27.7,59.4,38.0,418.0,3420.0,38.0,63.8,56.8,45.4,102.3,8.0,9.0,75.0,3.0,954.0,63.8,625.0,186.0,29.8,16.45,4.89,0.08,0.26,18.0,,,,,69
2018-2019,Juventus,1,31.0,28.0,55.9,38.0,418.0,3420.0,38.0,60.7,54.5,42.5,97.1,7.0,8.0,78.0,4.0,926.0,60.7,601.0,191.0,31.8,15.82,5.03,0.1,0.31,18.4,,,,,90
2018-2019,Lazio,0,30.0,27.9,50.8,38.0,418.0,3420.0,38.0,60.4,55.8,44.4,100.2,6.0,6.0,90.0,4.0,912.0,60.4,606.0,182.0,30.0,15.95,4.79,0.08,0.26,18.2,,,,,59
2018-2019,Milan,0,23.0,24.8,54.1,38.0,418.0,3420.0,38.0,48.8,45.7,35.6,81.3,3.0,4.0,82.0,5.0,821.0,48.8,582.0,192.0,33.0,15.32,5.05,0.08,0.25,19.6,,,,,68
2018-2019,Napoli,0,26.0,27.0,59.1,38.0,418.0,3420.0,38.0,61.8,58.8,49.4,108.2,3.0,4.0,75.0,5.0,934.0,61.8,702.0,231.0,32.9,18.47,6.08,0.1,0.3,19.5,,,,,79
2018-2019,Parma,0,31.0,29.4,37.7,38.0,418.0,3420.0,38.0,40.2,36.3,26.9,63.1,4.0,5.0,84.0,3.0,487.0,40.2,350.0,105.0,30.0,9.21,2.76,0.1,0.34,19.1,,,,,41
2018-2019,Roma,0,26.0,27.5,51.4,38.0,418.0,3420.0,38.0,64.4,59.6,46.2,105.8,6.0,6.0,90.0,2.0,838.0,64.4,616.0,210.0,34.1,16.21,5.53,0.1,0.28,17.1,,,,,66
2018-2019,SPAL,0,28.0,27.8,50.4,38.0,418.0,3420.0,38.0,43.9,37.7,28.2,65.8,7.0,8.0,113.0,3.0,910.0,43.9,454.0,129.0,28.4,11.95,3.39,0.08,0.29,18.2,,,,,42
2018-2019,Sampdoria,0,24.0,26.1,54.9,38.0,418.0,3420.0,38.0,50.5,41.8,34.1,75.9,10.0,12.0,92.0,3.0,630.0,50.5,475.0,166.0,34.9,12.5,4.37,0.11,0.3,19.9,,,,,53
2018-2019,Sassuolo,0,29.0,25.4,53.8,38.0,418.0,3420.0,38.0,48.5,44.6,34.1,78.8,5.0,5.0,90.0,8.0,721.0,48.5,507.0,150.0,29.6,13.34,3.95,0.09,0.3,19.8,,,,,43
2018-2019,Torino,0,25.0,27.6,51.1,38.0,418.0,3420.0,38.0,46.6,41.9,32.0,73.9,5.0,6.0,89.0,4.0,770.0,46.6,513.0,175.0,34.1,13.5,4.61,0.09,0.26,18.7,,,,,63
2018-2019,Udinese,0,31.0,25.3,42.6,38.0,418.0,3420.0,38.0,42.5,36.0,27.9,63.9,3.0,8.0,92.0,4.0,713.0,42.5,455.0,119.0,26.2,11.97,3.13,0.07,0.29,20.7,,,,,43
2019-2020,Atalanta,0,30.0,27.2,57.2,38.0,418.0,3420.0,38.0,83.5,75.6,58.9,134.5,7.0,10.0,80.0,2.0,978.0,83.5,700.0,256.0,36.6,18.42,6.74,0.13,0.35,17.3,,,,,78
2019-2020,Bologna,0,31.0,27.2,52.6,38.0,418.0,3420.0,38.0,56.9,52.2,41.3,93.5,5.0,6.0,109.0,7.0,799.0,56.9,549.0,160.0,29.1,14.45,4.21,0.08,0.27,18.8,,,,,47
2019-2020,Brescia,0,32.0,25.6,40.6,38.0,418.0,3420.0,38.0,43.4,40.2,28.8,69.0,4.0,4.0,95.0,6.0,537.0,43.4,414.0,138.0,33.3,10.89,3.63,0.07,0.22,17.9,,,,,25
2019-2020,Cagliari,0,33.0,27.4,45.7,38.0,418.0,3420.0,38.0,41.8,37.1,32.0,69.0,4.0,6.0,108.0,6.0,662.0,41.8,438.0,136.0,31.1,11.53,3.58,0.11,0.34,19.5,,,,,45
2019-2020,Fiorentina,0,33.0,25.1,47.4,38.0,418.0,3420.0,38.0,53.6,45.4,34.5,79.8,9.0,11.0,105.0,5.0,857.0,53.6,538.0,170.0,31.6,14.16,4.47,0.07,0.23,18.2,,,,,49
2019-2020,Genoa,0,34.0,26.8,49.5,38.0,418.0,3420.0,38.0,48.7,36.2,27.6,63.7,11.0,16.0,107.0,10.0,583.0,48.7,420.0,140.0,33.3,11.05,3.68,0.08,0.25,19.2,,,,,39
2019-2020,Hellas Verona,0,30.0,26.1,49.8,38.0,418.0,3420.0,38.0,50.5,43.6,34.5,78.1,8.0,9.0,87.0,7.0,728.0,50.5,435.0,146.0,33.6,11.45,3.84,0.09,0.25,17.4,,,,,49
2019-2020,Inter,0,29.0,27.7,54.2,38.0,418.0,3420.0,38.0,69.4,60.8,44.0,104.7,10.0,11.0,104.0,6.0,797.0,69.4,607.0,216.0,35.6,15.97,5.68,0.12,0.32,17.6,,,,,82
2019-2020,Juventus,1,30.0,28.6,58.1,38.0,418.0,3420.0,38.0,71.1,60.1,45.5,105.6,13.0,14.0,87.0,3.0,879.0,71.1,665.0,224.0,33.7,17.5,5.89,0.09,0.27,19.0,,,,,83
2019-2020,Lazio,0,27.0,27.9,50.4,38.0,418.0,3420.0,38.0,68.0,53.9,42.5,96.4,15.0,18.0,99.0,2.0,935.0,68.0,562.0,204.0,36.3,14.79,5.37,0.11,0.3,18.2,,,,,78
2019-2020,Lecce,0,30.0,28.7,44.8,38.0,418.0,3420.0,38.0,54.7,43.5,32.6,76.1,11.0,15.0,98.0,5.0,752.0,54.7,513.0,165.0,32.2,13.5,4.34,0.08,0.25,19.6,,,,,35
2019-2020,Milan,0,32.0,24.6,54.9,38.0,418.0,3420.0,38.0,62.8,56.0,46.0,101.9,8.0,9.0,97.0,6.0,816.0,62.8,610.0,186.0,30.5,16.05,4.89,0.09,0.28,19.0,,,,,66
2019-2020,Napoli,0,25.0,26.9,59.2,38.0,418.0,3420.0,38.0,61.7,57.8,46.8,104.6,5.0,5.0,73.0,2.0,979.0,61.7,683.0,225.0,32.9,17.97,5.92,0.08,0.24,19.0,,,,,62
2019-2020,Parma,0,25.0,28.8,43.8,38.0,418.0,3420.0,38.0,48.4,43.7,33.9,77.6,4.0,6.0,81.0,1.0,673.0,48.4,458.0,145.0,31.7,12.05,3.82,0.11,0.34,19.0,,,,,49
2019-2020,Roma,0,31.0,26.9,52.7,38.0,418.0,3420.0,38.0,73.2,62.8,48.6,111.3,12.0,14.0,111.0,7.0,944.0,73.2,630.0,198.0,31.4,16.58,5.21,0.1,0.31,18.7,,,,,70
2019-2020,SPAL,0,34.0,27.5,46.9,38.0,418.0,3420.0,38.0,40.7,35.2,26.5,61.7,5.0,7.0,98.0,4.0,696.0,40.7,462.0,117.0,25.3,12.16,3.08,0.05,0.19,19.4,,,,,20
2019-2020,Sampdoria,0,31.0,26.0,42.7,38.0,418.0,3420.0,38.0,50.2,40.8,30.8,71.6,9.0,12.0,111.0,7.0,613.0,50.2,549.0,161.0,29.3,14.45,4.24,0.07,0.24,19.4,,,,,42
2019-2020,Sassuolo,0,31.0,26.4,57.5,38.0,418.0,3420.0,38.0,52.9,48.2,39.2,87.4,5.0,6.0,99.0,3.0,902.0,52.9,547.0,191.0,34.9,14.39,5.03,0.12,0.34,19.8,,,,,51
2019-2020,Torino,0,27.0,27.3,47.4,38.0,418.0,3420.0,38.0,44.8,39.4,30.3,69.6,7.0,8.0,96.0,7.0,843.0,44.8,438.0,144.0,32.9,11.53,3.79,0.08,0.26,18.4,,,,,40
2019-2020,Udinese,0,25.0,26.5,44.7,38.0,418.0,3420.0,38.0,41.6,41.6,33.5,75.2,0.0,0.0,77.0,3.0,709.0,41.6,469.0,141.0,30.1,12.34,3.71,0.08,0.26,18.5,,,,,45
2020-2021,Atalanta,0,30.0,27.3,54.6,38.0,418.0,3420.0,38.0,74.7,69.3,55.5,124.7,6.0,7.0,67.0,3.0,874.0,74.7,614.0,221.0,36.0,16.16,5.82,0.14,0.38,16.6,,,,,78
2020-2021,Benevento,0,29.0,28.7,42.6,38.0,418.0,3420.0,38.0,40.6,35.0,27.6,62.6,5.0,7.0,95.0,5.0,512.0,40.6,411.0,128.0,31.1,10.82,3.37,0.09,0.27,17.7,,,,,33
2020-2021,Bologna,0,37.0,27.2,50.8,38.0,418.0,3420.0,38.0,54.6,51.1,39.0,90.1,3.0,4.0,82.0,4.0,707.0,54.6,495.0,175.0,35.4,13.03,4.61,0.09,0.26,18.5,,,,,41
2020-2021,Cagliari,0,32.0,26.5,44.8,38.0,418.0,3420.0,38.0,47.1,43.4,34.0,77.5,4.0,5.0,77.0,3.0,589.0,47.1,429.0,122.0,28.4,11.29,3.21,0.09,0.32,17.4,,,,,37
2020-2021,Crotone,0,31.0,27.8,46.3,38.0,418.0,3420.0,38.0,40.4,33.4,23.9,57.2,9.0,9.0,89.0,4.0,582.0,40.4,353.0,111.0,31.4,9.29,2.92,0.1,0.32,18.8,,,,,23
2020-2021,Fiorentina,0,30.0,26.6,46.3,38.0,418.0,3420.0,38.0,44.9,40.2,31.6,71.8,6.0,6.0,86.0,5.0,637.0,44.9,366.0,115.0,31.4,9.63,3.03,0.1,0.33,16.9,,,,,40
2020-2021,Genoa,0,34.0,28.3,44.8,38.0,418.0,3420.0,38.0,38.8,35.6,26.4,62.1,4.0,4.0,87.0,2.0,523.0,38.8,338.0,120.0,35.5,8.89,3.16,0.12,0.35,18.0,,,,,42
2020-2021,Hellas Verona,0,32.0,26.2,49.8,38.0,418.0,3420.0,38.0,45.3,43.0,33.5,76.5,3.0,3.0,91.0,1.0,599.0,45.3,400.0,118.0,29.5,10.53,3.11,0.09,0.3,16.2,,,,,45
2020-2021,Inter,1,25.0,27.7,52.5,38.0,418.0,3420.0,38.0,74.2,67.2,52.5,119.8,8.0,9.0,61.0,2.0,766.0,74.2,543.0,194.0,35.7,14.29,5.11,0.14,0.39,16.3,,,,,91
2020-2021,Juventus,0,30.0,27.7,56.9,38.0,418.0,3420.0,38.0,74.4,67.0,55.1,122.1,8.0,10.0,80.0,6.0,949.0,74.4,585.0,206.0,35.2,15.39,5.42,0.12,0.33,16.8,,,,,78
2020-2021,Lazio,0,30.0,29.4,53.0,38.0,418.0,3420.0,38.0,58.2,50.7,39.6,90.2,6.0,10.0,107.0,5.0,785.0,58.2,514.0,175.0,34.0,13.53,4.61,0.1,0.3,17.3,,,,,68
2020-2021,Milan,0,29.0,24.4,51.7,38.0,418.0,3420.0,38.0,70.7,56.0,43.9,99.8,15.0,20.0,83.0,4.0,784.0,70.7,537.0,184.0,34.3,14.13,4.84,0.11,0.31,18.4,,,,,79
2020-2021,Napoli,0,25.0,27.1,55.1,38.0,418.0,3420.0,38.0,67.7,61.4,46.9,108.3,7.0,8.0,76.0,3.0,884.0,67.7,637.0,217.0,34.1,16.76,5.71,0.12,0.35,18.1,,,,,77
2020-2021,Parma,0,42.0,28.0,47.8,38.0,418.0,3420.0,38.0,42.5,38.6,30.5,69.0,5.0,5.0,91.0,1.0,607.0,42.5,392.0,123.0,31.4,10.32,3.24,0.09,0.28,18.1,,,,,20
2020-2021,Roma,0,31.0,26.7,52.2,38.0,418.0,3420.0,38.0,65.3,59.0,48.2,107.2,7.0,8.0,91.0,3.0,863.0,65.3,537.0,191.0,35.6,14.13,5.03,0.11,0.31,16.4,,,,,62
2020-2021,Sampdoria,0,27.0,27.9,45.2,38.0,418.0,3420.0,38.0,45.4,41.1,31.9,73.0,5.0,6.0,83.0,3.0,588.0,45.4,422.0,134.0,31.8,11.11,3.53,0.11,0.35,17.5,,,,,52
2020-2021,Sassuolo,0,28.0,26.5,60.3,38.0,418.0,3420.0,38.0,58.4,47.7,34.0,81.8,13.0,14.0,79.0,4.0,770.0,58.4,516.0,164.0,31.8,13.58,4.32,0.09,0.29,18.7,,,,,62
2020-2021,Spezia,0,35.0,25.2,51.9,38.0,418.0,3420.0,38.0,46.5,42.6,31.1,73.7,4.0,5.0,100.0,5.0,625.0,46.5,382.0,130.0,34.0,10.05,3.42,0.13,0.37,16.8,,,,,39
2020-2021,Torino,0,29.0,26.9,47.3,38.0,418.0,3420.0,38.0,50.0,45.3,32.2,77.5,5.0,6.0,78.0,4.0,617.0,50.0,457.0,144.0,31.5,12.03,3.79,0.1,0.31,17.5,,,,,37
2020-2021,Udinese,0,33.0,27.2,46.3,38.0,418.0,3420.0,38.0,45.7,42.9,30.0,72.9,4.0,4.0,65.0,2.0,672.0,45.7,410.0,125.0,30.5,10.79,3.29,0.09,0.29,18.1,,,,,40
2021-2022,Atalanta,0,32.0,27.5,55.0,38.0,418.0,3420.0,38.0,62.4,58.1,48.5,106.6,5.0,6.0,87.0,2.0,796.0,62.4,598.0,167.0,27.9,15.74,4.39,0.1,0.34,16.5,,,,,59
2021-2022,Bologna,0,36.0,26.6,50.6,38.0,418.0,3420.0,38.0,44.9,41.0,33.6,74.6,4.0,5.0,92.0,7.0,540.0,44.9,434.0,143.0,32.9,11.42,3.76,0.09,0.27,18.1,,,,,46
2021-2022,Cagliari,0,33.0,26.5,44.5,38.0,418.0,3420.0,38.0,39.0,36.4,29.6,66.0,3.0,4.0,96.0,5.0,474.0,39.0,420.0,117.0,27.9,11.05,3.08,0.07,0.26,17.3,,,,,30
2021-2022,Empoli,0,28.0,24.5,47.4,38.0,418.0,3420.0,38.0,44.9,39.3,28.9,68.3,7.0,7.0,87.0,5.0,658.0,44.9,490.0,151.0,30.8,12.89,3.97,0.08,0.26,18.5,,,,,41
2021-2022,Fiorentina,0,28.0,26.4,57.7,38.0,418.0,3420.0,38.0,60.0,50.8,39.2,90.1,9.0,12.0,89.0,8.0,755.0,60.0,501.0,172.0,34.3,13.18,4.53,0.1,0.29,17.2,,,,,62
2021-2022,Genoa,0,40.0,27.0,43.9,38.0,418.0,3420.0,38.0,37.2,31.8,26.3,58.1,6.0,7.0,92.0,3.0,517.0,37.2,397.0,106.0,26.7,10.45,2.79,0.05,0.19,18.8,,,,,28
2021-2022,Hellas Verona,0,31.0,26.8,50.6,38.0,418.0,3420.0,38.0,50.4,44.2,34.1,78.4,7.0,8.0,100.0,7.0,677.0,50.4,455.0,152.0,33.4,11.97,4.0,0.12,0.37,16.9,,,,,53
2021-2022,Inter,0,27.0,28.9,56.5,38.0,418.0,3420.0,38.0,81.6,73.6,57.3,130.9,7.0,11.0,71.0,0.0,782.0,81.6,667.0,239.0,35.8,17.55,6.29,0.11,0.32,15.9,,,,,84
2021-2022,Juventus,0,32.0,27.4,51.5,38.0,418.0,3420.0,38.0,51.4,46.7,36.3,83.0,5.0,6.0,77.0,2.0,701.0,51.4,517.0,166.0,32.1,13.61,4.37,0.1,0.31,17.5,,,,,70
2021-2022,Lazio,0,27.0,29.0,55.4,38.0,418.0,3420.0,38.0,55.3,48.2,38.8,87.0,7.0,9.0,88.0,5.0,788.0,55.3,445.0,185.0,41.6,11.71,4.87,0.15,0.36,17.4,,,,,64
2021-2022,Milan,1,28.0,25.6,54.0,38.0,418.0,3420.0,38.0,59.7,54.1,42.8,96.9,5.0,8.0,76.0,3.0,806.0,59.7,592.0,187.0,31.6,15.58,4.92,0.1,0.33,18.4,,,,,86
2021-2022,Napoli,0,27.0,27.9,58.3,38.0,418.0,3420.0,38.0,57.8,46.6,37.1,83.7,10.0,14.0,63.0,2.0,827.0,57.8,565.0,186.0,32.9,14.87,4.89,0.11,0.34,18.2,,,,,79
2021-2022,Roma,0,29.0,26.4,51.4,38.0,418.0,3420.0,38.0,65.1,58.1,46.3,104.4,7.0,9.0,111.0,8.0,733.0,65.1,592.0,184.0,31.1,15.58,4.84,0.09,0.28,17.3,,,,,63
2021-2022,Salernitana,0,42.0,27.7,41.2,38.0,418.0,3420.0,38.0,36.5,32.9,24.8,57.7,4.0,5.0,94.0,5.0,528.0,36.5,426.0,130.0,30.5,11.21,3.42,0.07,0.22,18.1,,,,,31
2021-2022,Sampdoria,0,34.0,29.0,46.1,38.0,418.0,3420.0,38.0,36.7,33.4,26.2,59.6,2.0,4.0,94.0,4.0,467.0,36.7,386.0,118.0,30.6,10.16,3.11,0.1,0.34,18.1,,,,,36
2021-2022,Sassuolo,0,29.0,26.1,54.9,38.0,418.0,3420.0,38.0,55.7,50.2,39.0,89.2,7.0,7.0,92.0,4.0,815.0,55.7,569.0,204.0,35.9,14.97,5.37,0.09,0.26,18.8,,,,,50
2021-2022,Spezia,0,30.0,24.4,42.7,38.0,418.0,3420.0,38.0,40.1,36.2,27.9,64.1,3.0,5.0,88.0,4.0,511.0,40.1,381.0,127.0,33.3,10.03,3.34,0.09,0.28,18.7,,,,,36
2021-2022,Torino,0,31.0,25.2,53.3,38.0,418.0,3420.0,38.0,48.7,44.1,36.3,80.4,6.0,6.0,89.0,3.0,628.0,48.7,470.0,142.0,30.2,12.37,3.74,0.08,0.26,17.3,,,,,50
2021-2022,Udinese,0,29.0,26.2,42.7,38.0,418.0,3420.0,38.0,51.3,48.2,36.6,84.8,3.0,4.0,95.0,6.0,669.0,51.3,505.0,181.0,35.8,13.29,4.76,0.11,0.3,17.8,,,,,47
2021-2022,Venezia,0,39.0,26.1,42.3,38.0,418.0,3420.0,38.0,36.5,32.4,26.4,58.8,3.0,5.0,110.0,9.0,540.0,36.5,349.0,113.0,32.4,9.18,2.97,0.09,0.27,18.2,,,,,27
2022-2023,Atalanta,0,27.0,26.5,49.9,38.0,418.0,3420.0,38.0,57.7,51.3,42.7,93.9,6.0,8.0,83.0,3.0,687.0,57.7,506.0,168.0,33.2,13.32,4.42,0.11,0.35,16.9,,,,,64
2022-2023,Bologna,0,27.0,26.6,54.7,38.0,418.0,3420.0,38.0,43.8,39.4,31.5,70.9,6.0,6.0,84.0,3.0,564.0,43.8,479.0,150.0,31.3,12.61,3.95,0.1,0.31,19.6,,,,,54
2022-2023,Cremonese,0,33.0,26.0,42.1,38.0,418.0,3420.0,38.0,38.7,33.2,24.3,57.5,5.0,7.0,81.0,3.0,521.0,38.7,458.0,122.0,26.6,12.05,3.21,0.07,0.25,18.5,,,,,27
2022-2023,Empoli,0,32.0,25.3,47.3,38.0,418.0,3420.0,38.0,38.8,37.2,26.8,64.0,2.0,2.0,88.0,7.0,608.0,38.8,447.0,129.0,28.9,11.76,3.39,0.07,0.26,18.3,,,,,43
2022-2023,Fiorentina,0,30.0,26.5,56.1,38.0,418.0,3420.0,38.0,55.0,50.8,40.2,91.0,4.0,6.0,93.0,3.0,789.0,55.0,597.0,171.0,28.6,15.71,4.5,0.08,0.27,17.6,,,,,56
2022-2023,Hellas Verona,0,36.0,26.6,41.2,38.0,418.0,3420.0,38.0,35.8,35.1,28.1,63.2,1.0,1.0,103.0,3.0,503.0,35.8,415.0,116.0,28.0,10.92,3.05,0.07,0.24,18.6,,,,,31
2022-2023,Inter,0,25.0,28.8,55.7,38.0,418.0,3420.0,38.0,68.0,64.5,51.8,116.3,4.0,5.0,65.0,3.0,668.0,68.0,625.0,197.0,31.5,16.45,5.18,0.1,0.32,16.9,,,,,72
2022-2023,Juventus,0,29.0,27.7,49.6,38.0,418.0,3420.0,38.0,55.3,50.4,39.8,90.2,3.0,6.0,74.0,6.0,673.0,55.3,529.0,171.0,32.3,13.92,4.5,0.1,0.31,17.3,,,,,62
2022-2023,Lazio,0,24.0,28.6,52.1,38.0,418.0,3420.0,38.0,51.1,44.9,34.3,79.2,6.0,8.0,87.0,2.0,683.0,51.1,430.0,161.0,37.4,11.32,4.24,0.12,0.33,17.8,,,,,74
2022-2023,Lecce,0,29.0,24.8,41.3,38.0,418.0,3420.0,38.0,36.3,31.6,25.3,56.9,4.0,6.0,86.0,2.0,514.0,36.3,412.0,106.0,25.7,10.84,2.79,0.07,0.25,18.8,,,,,36
2022-2023,Milan,0,30.0,26.0,55.6,38.0,418.0,3420.0,38.0,58.8,55.1,46.0,101.1,5.0,5.0,90.0,2.0,795.0,58.8,546.0,178.0,32.6,14.37,4.68,0.1,0.31,17.7,,,,,70
2022-2023,Monza,0,31.0,26.6,55.2,38.0,418.0,3420.0,38.0,45.9,41.2,33.8,75.0,5.0,6.0,90.0,4.0,708.0,45.9,406.0,139.0,34.2,10.68,3.66,0.1,0.29,17.9,,,,,52
2022-2023,Napoli,1,27.0,26.4,61.8,38.0,418.0,3420.0,38.0,64.7,56.8,46.8,103.6,8.0,10.0,47.0,1.0,907.0,64.7,605.0,212.0,35.0,15.92,5.58,0.11,0.32,17.1,,,,,90
2022-2023,Roma,0,30.0,27.4,48.6,38.0,418.0,3420.0,38.0,57.7,50.2,39.1,89.3,7.0,10.0,83.0,4.0,684.0,57.7,488.0,155.0,31.8,12.84,4.08,0.09,0.28,17.0,,,,,63
2022-2023,Salernitana,0,30.0,27.2,44.9,38.0,418.0,3420.0,38.0,36.7,35.2,26.9,62.0,2.0,2.0,85.0,4.0,519.0,36.7,381.0,115.0,30.2,10.03,3.03,0.12,0.38,18.9,,,,,42
2022-2023,Sampdoria,0,40.0,27.9,46.1,38.0,418.0,3420.0,38.0,34.1,32.5,24.4,56.9,1.0,2.0,108.0,3.0,466.0,34.1,376.0,114.0,30.3,9.89,3.0,0.06,0.19,17.8,,,,,19
2022-2023,Sassuolo,0,31.0,26.1,49.2,38.0,418.0,3420.0,38.0,51.6,43.9,36.1,80.0,9.0,10.0,90.0,6.0,761.0,51.6,477.0,161.0,33.8,12.55,4.24,0.08,0.23,18.0,,,,,45
2022-2023,Spezia,0,34.0,25.7,47.4,38.0,418.0,3420.0,38.0,41.5,38.5,29.3,67.8,4.0,4.0,103.0,6.0,553.0,41.5,419.0,120.0,28.6,11.03,3.16,0.06,0.21,18.3,,,,,31
2022-2023,Torino,0,28.0,25.2,53.2,38.0,418.0,3420.0,38.0,41.8,40.2,35.0,75.2,2.0,2.0,81.0,0.0,684.0,41.8,444.0,146.0,32.9,11.68,3.84,0.09,0.27,16.7,,,,,53
2022-2023,Udinese,0,30.0,26.1,48.0,38.0,418.0,3420.0,38.0,46.9,45.4,37.8,83.2,1.0,2.0,88.0,3.0,646.0,46.9,503.0,145.0,28.8,13.24,3.82,0.09,0.31,18.5,,,,,46
2023-2024,Atalanta,0,29.0,26.3,51.0,38.0,418.0,3420.0,38.0,57.8,53.9,43.9,97.8,5.0,5.0,76.0,1.0,715.0,57.8,539.0,197.0,36.5,14.18,5.18,0.12,0.34,16.0,,,,,69
2023-2024,Bologna,0,28.0,25.2,58.1,38.0,418.0,3420.0,38.0,47.9,44.0,32.1,76.1,4.0,5.0,85.0,2.0,660.0,47.9,472.0,159.0,33.7,12.42,4.18,0.1,0.3,18.0,,,,,68
2023-2024,Cagliari,0,29.0,26.1,42.1,38.0,418.0,3420.0,38.0,42.9,38.4,29.1,67.5,4.0,6.0,77.0,4.0,529.0,42.9,442.0,127.0,28.7,11.63,3.34,0.08,0.29,17.6,,,,,36
2023-2024,Empoli,0,34.0,26.0,44.0,38.0,418.0,3420.0,38.0,36.2,32.4,25.8,58.3,5.0,5.0,88.0,1.0,524.0,36.2,413.0,112.0,27.1,10.87,2.95,0.05,0.19,18.9,,,,,36
2023-2024,Fiorentina,0,30.0,27.0,57.4,38.0,418.0,3420.0,38.0,51.7,45.4,35.3,80.7,4.0,8.0,80.0,0.0,621.0,51.7,515.0,171.0,33.2,13.55,4.5,0.11,0.33,17.5,,,,,60
2023-2024,Frosinone,0,34.0,24.3,49.7,38.0,418.0,3420.0,38.0,45.8,37.9,30.2,68.1,8.0,10.0,68.0,2.0,563.0,45.8,460.0,147.0,32.0,12.11,3.87,0.08,0.24,19.2,,,,,35
2023-2024,Genoa,0,34.0,26.7,44.1,38.0,418.0,3420.0,38.0,35.7,31.0,22.8,53.8,5.0,6.0,79.0,3.0,468.0,35.7,397.0,119.0,30.0,10.45,3.13,0.1,0.32,17.4,,,,,49
2023-2024,Hellas Verona,0,36.0,25.7,44.4,38.0,418.0,3420.0,38.0,38.0,32.4,27.2,59.6,3.0,7.0,88.0,6.0,539.0,38.0,435.0,146.0,33.6,11.45,3.84,0.08,0.24,18.9,,,,,38
2023-2024,Inter,1,27.0,29.1,57.1,38.0,418.0,3420.0,38.0,78.2,67.4,55.6,123.0,13.0,14.0,46.0,1.0,720.0,78.2,580.0,196.0,33.8,15.26,5.16,0.13,0.38,16.8,,,,,94
2023-2024,Juventus,0,31.0,26.5,48.5,38.0,418.0,3420.0,38.0,54.6,50.6,39.6,90.2,3.0,5.0,87.0,2.0,709.0,54.6,531.0,146.0,27.5,13.97,3.84,0.09,0.34,16.9,,,,,71
2023-2024,Lazio,0,22.0,28.2,53.3,38.0,418.0,3420.0,38.0,46.5,43.4,32.9,76.4,4.0,4.0,101.0,5.0,716.0,46.5,436.0,135.0,31.0,11.47,3.55,0.1,0.31,18.0,,,,,61
2023-2024,Lecce,0,26.0,24.9,44.9,38.0,418.0,3420.0,38.0,43.1,39.2,30.6,69.9,3.0,5.0,89.0,5.0,638.0,43.1,503.0,147.0,29.2,13.24,3.87,0.05,0.18,18.8,,,,,38
2023-2024,Milan,0,35.0,26.6,56.9,38.0,418.0,3420.0,38.0,66.2,60.0,46.0,106.0,6.0,8.0,82.0,8.0,899.0,66.2,554.0,202.0,36.5,14.58,5.32,0.13,0.35,16.8,,,,,75
2023-2024,Monza,0,31.0,26.8,53.5,38.0,418.0,3420.0,38.0,39.5,35.9,27.8,63.8,4.0,5.0,88.0,5.0,723.0,39.5,451.0,123.0,27.3,11.87,3.24,0.08,0.28,17.8,,,,,45
2023-2024,Napoli,0,29.0,27.2,60.9,38.0,418.0,3420.0,38.0,61.4,53.3,42.9,96.2,6.0,10.0,77.0,5.0,802.0,61.4,638.0,196.0,30.7,16.79,5.16,0.08,0.24,17.6,,,,,53
2023-2024,Roma,0,30.0,27.7,54.9,38.0,418.0,3420.0,38.0,51.4,42.3,34.4,76.7,11.0,12.0,95.0,3.0,682.0,51.4,464.0,142.0,30.6,12.21,3.74,0.11,0.37,17.9,,,,,63
2023-2024,Salernitana,0,39.0,27.2,44.5,38.0,418.0,3420.0,38.0,30.3,28.7,22.4,51.1,2.0,2.0,91.0,3.0,499.0,30.3,398.0,118.0,29.6,10.47,3.11,0.08,0.25,19.1,,,,,17
2023-2024,Sassuolo,0,30.0,26.4,43.8,38.0,418.0,3420.0,38.0,39.8,33.8,25.9,59.7,7.0,8.0,71.0,4.0,636.0,39.8,453.0,144.0,31.8,11.92,3.79,0.08,0.24,19.2,,,,,30
2023-2024,Torino,0,30.0,26.4,51.6,38.0,418.0,3420.0,38.0,37.7,36.1,30.1,66.2,2.0,2.0,75.0,2.0,710.0,37.7,432.0,121.0,28.0,11.37,3.18,0.08,0.27,17.1,,,,,53
2023-2024,Udinese,0,32.0,25.7,39.3,38.0,418.0,3420.0,38.0,39.1,36.8,28.0,64.9,3.0,4.0,94.0,5.0,602.0,39.1,457.0,134.0,29.3,12.03,3.53,0.07,0.25,18.8,,,,,37
2024-2025,Atalanta,0,32.0,27.1,55.3,38.0,418.0,3420.0,38.0,65.0,59.5,46.9,106.4,5.0,7.0,67.0,1.0,897.0,65.0,538.0,181.0,33.6,14.16,4.76,0.13,0.39,15.0,,,,,74
2024-2025,Bologna,0,30.0,26.4,58.1,38.0,418.0,3420.0,38.0,49.3,43.8,35.2,79.0,6.0,7.0,61.0,4.0,639.0,49.3,505.0,166.0,32.9,13.29,4.37,0.1,0.3,17.5,,,,,62
2024-2025,Cagliari,0,28.0,26.6,44.9,38.0,418.0,3420.0,38.0,42.7,40.3,32.0,72.4,3.0,3.0,68.0,3.0,506.0,42.7,421.0,115.0,27.3,11.08,3.03,0.08,0.3,16.0,,,,,36
2024-2025,Como,0,38.0,26.3,54.6,38.0,418.0,3420.0,38.0,45.4,43.9,36.6,80.5,0.0,2.0,87.0,7.0,658.0,45.4,519.0,176.0,33.9,13.66,4.63,0.08,0.25,17.9,,,,,49
2024-2025,Empoli,0,34.0,25.4,41.7,38.0,418.0,3420.0,38.0,32.5,30.1,22.9,53.1,2.0,3.0,68.0,5.0,428.0,32.5,367.0,107.0,29.2,9.66,2.82,0.08,0.27,19.1,,,,,31
2024-2025,Fiorentina,0,34.0,26.3,51.0,38.0,418.0,3420.0,38.0,48.9,42.6,35.1,77.7,6.0,8.0,82.0,3.0,620.0,48.9,439.0,166.0,37.8,11.55,4.37,0.12,0.31,18.0,,,,,65
2024-2025,Genoa,0,37.0,26.2,45.6,38.0,418.0,3420.0,38.0,37.2,35.5,26.8,62.3,0.0,2.0,71.0,1.0,470.0,37.2,383.0,117.0,30.5,10.08,3.08,0.09,0.3,17.7,,,,,43
2024-2025,Hellas Verona,0,32.0,25.1,38.7,38.0,418.0,3420.0,38.0,33.8,32.3,24.8,57.1,2.0,2.0,98.0,9.0,449.0,33.8,372.0,95.0,25.5,9.79,2.5,0.08,0.31,17.7,,,,,37
2024-2025,Inter,0,26.0,29.4,59.4,38.0,418.0,3420.0,38.0,66.9,60.1,48.3,108.5,8.0,9.0,56.0,1.0,694.0,66.9,565.0,179.0,31.7,14.87,4.71,0.12,0.38,16.3,,,,,81
2024-2025,Juventus,0,29.0,24.6,57.2,38.0,418.0,3420.0,38.0,51.0,46.3,35.9,82.2,6.0,6.0,67.0,3.0,810.0,51.0,509.0,175.0,34.4,13.39,4.61,0.1,0.29,17.3,,,,,70
2024-2025,Lazio,0,27.0,27.1,55.1,38.0,418.0,3420.0,38.0,57.2,52.0,38.5,90.4,6.0,7.0,93.0,7.0,774.0,57.2,528.0,185.0,35.0,13.89,4.87,0.1,0.29,17.7,,,,,65
2024-2025,Lecce,0,31.0,26.1,43.8,38.0,418.0,3420.0,38.0,34.6,31.8,24.5,56.3,3.0,4.0,61.0,7.0,519.0,34.6,450.0,119.0,26.4,11.84,3.13,0.05,0.2,19.3,,,,,34
2024-2025,Milan,0,35.0,25.6,53.9,38.0,418.0,3420.0,38.0,63.7,57.5,46.8,104.4,4.0,8.0,70.0,6.0,915.0,63.7,555.0,185.0,33.3,14.61,4.87,0.1,0.3,17.9,,,,,63
2024-2025,Monza,0,36.0,26.8,48.5,38.0,418.0,3420.0,38.0,29.9,27.7,20.9,48.6,3.0,3.0,90.0,3.0,533.0,29.9,333.0,99.0,29.7,8.76,2.61,0.07,0.24,18.3,,,,,18
2024-2025,Napoli,1,27.0,28.6,54.6,38.0,418.0,3420.0,38.0,52.9,49.1,39.1,88.2,4.0,5.0,47.0,0.0,739.0,52.9,499.0,150.0,30.1,13.13,3.95,0.1,0.35,16.2,,,,,82
2024-2025,Parma,0,32.0,23.8,44.2,38.0,418.0,3420.0,38.0,43.1,37.6,29.3,66.9,6.0,7.0,78.0,6.0,578.0,43.1,418.0,140.0,33.5,11.0,3.68,0.09,0.26,19.3,,,,,36
2024-2025,Roma,0,28.0,26.5,53.9,38.0,418.0,3420.0,38.0,53.0,46.7,35.0,81.7,8.0,8.0,66.0,1.0,691.0,53.0,514.0,162.0,31.5,13.53,4.26,0.09,0.29,17.9,,,,,69
2024-2025,Torino,0,31.0,26.7,47.5,38.0,418.0,3420.0,38.0,34.6,31.6,22.5,54.0,2.0,4.0,80.0,3.0,529.0,34.6,383.0,123.0,32.1,10.08,3.24,0.09,0.28,18.6,,,,,44
2024-2025,Udinese,0,31.0,26.4,47.2,38.0,418.0,3420.0,38.0,38.2,35.0,27.2,62.1,2.0,4.0,88.0,5.0,566.0,38.2,430.0,137.0,31.9,11.32,3.61,0.09,0.28,17.7,,,,,44
2024-2025,Venezia,0,36.0,25.4,45.1,38.0,418.0,3420.0,38.0,35.8,32.0,22.2,54.2,4.0,5.0,75.0,2.0,507.0,35.8,381.0,120.0,31.5,10.03,3.16,0.07,0.23,18.5,,,,,29
