stagione,Squad,# Pl,90s,Gls,Sh,SoT,SoT%,Sh/90,SoT/90,G/Sh,G/SoT,Dist,PK,PKatt
2010-2011,Bari,34,38.0,27,,130,,,3.42,,0.17,,5,8
2010-2011,Bologna,25,38.0,35,,133,,,3.5,,0.26,,1,4
2010-2011,Brescia,32,38.0,34,,159,,,4.18,,0.18,,5,6
2010-2011,Cagliari,22,38.0,41,,149,,,3.92,,0.27,,1,2
2010-2011,Catania,29,38.0,38,,156,,,4.11,,0.22,,3,3
2010-2011,Cesena,29,38.0,37,,129,,,3.39,,0.26,,4,5
2010-2011,Chievo,26,38.0,37,,167,,,4.39,,0.22,,1,2
2010-2011,Fiorentina,30,38.0,47,,186,,,4.89,,0.24,,3,4
2010-2011,Genoa,32,38.0,42,,162,,,4.26,,0.25,,2,2
2010-2011,Inter,30,38.0,68,,223,,,5.87,,0.28,,5,6
2010-2011,Juventus,32,38.0,56,,187,,,4.92,,0.28,,4,4
2010-2011,Lazio,25,38.0,52,,189,,,4.97,,0.25,,4,5
2010-2011,Lecce,26,38.0,45,,171,,,4.5,,0.25,,2,5
2010-2011,Milan,34,38.0,63,,234,,,6.16,,0.25,,5,6
2010-2011,Napoli,24,38.0,58,,199,,,5.24,,0.26,,7,10
2010-2011,Palermo,27,38.0,58,,206,,,5.42,,0.27,,2,4
2010-2011,Parma,31,38.0,39,,152,,,4.0,,0.24,,3,3
2010-2011,Roma,29,38.0,57,,187,,,4.92,,0.25,,11,13
2010-2011,Sampdoria,30,38.0,32,,131,,,3.45,,0.19,,7,8
2010-2011,Udinese,24,38.0,65,,205,,,5.39,,0.29,,5,7
2011-2012,Atalanta,30,38.0,39,,142,,,3.74,,0.25,,3,4
2011-2012,Bologna,27,38.0,41,,156,,,4.11,,0.25,,2,3
2011-2012,Cagliari,25,38.0,35,,152,,,4.0,,0.19,,6,6
2011-2012,Catania,33,38.0,46,,183,,,4.82,,0.2,,9,11
2011-2012,Cesena,34,38.0,23,,135,,,3.55,,0.14,,4,7
2011-2012,Chievo,26,38.0,35,,134,,,3.53,,0.24,,3,5
2011-2012,Fiorentina,28,38.0,36,,161,,,4.24,,0.19,,6,8
2011-2012,Genoa,29,38.0,49,,162,,,4.26,,0.27,,5,6
2011-2012,Inter,30,38.0,57,,199,,,5.24,,0.25,,8,11
2011-2012,Juventus,25,38.0,67,,264,,,6.95,,0.25,,2,4
2011-2012,Lazio,32,38.0,54,,180,,,4.74,,0.26,,7,7
2011-2012,Lecce,31,38.0,40,,140,,,3.68,,0.24,,6,7
2011-2012,Milan,32,38.0,72,,220,,,5.79,,0.28,,10,10
2011-2012,Napoli,25,38.0,65,,190,,,5.0,,0.32,,4,9
2011-2012,Novara,32,38.0,34,,153,,,4.03,,0.18,,6,7
2011-2012,Palermo,30,38.0,50,,189,,,4.97,,0.24,,5,5
2011-2012,Parma,32,38.0,52,,150,,,3.95,,0.3,,7,8
2011-2012,Roma,30,38.0,59,,213,,,5.61,,0.27,,2,4
2011-2012,Siena,29,38.0,45,,137,,,3.61,,0.28,,7,8
2011-2012,Udinese,26,38.0,51,,184,,,4.84,,0.26,,4,5
2012-2013,Atalanta,35,38.0,38,,148,,,3.89,,0.22,,5,5
2012-2013,Bologna,31,38.0,45,,165,,,4.34,,0.25,,4,5
2012-2013,Cagliari,25,38.0,41,,157,,,4.13,,0.22,,7,9
2012-2013,Catania,29,38.0,50,,155,,,4.08,,0.32,,1,2
2012-2013,Chievo,35,38.0,37,,121,,,3.18,,0.26,,5,6
2012-2013,Fiorentina,30,38.0,70,,220,,,5.79,,0.29,,7,10
2012-2013,Genoa,37,38.0,38,,160,,,4.21,,0.23,,2,4
2012-2013,Inter,36,38.0,52,,196,,,5.16,,0.24,,4,5
2012-2013,Juventus,28,38.0,71,,265,,,6.97,,0.24,,8,11
2012-2013,Lazio,28,38.0,48,,186,,,4.89,,0.22,,7,9
2012-2013,Milan,29,38.0,64,,241,,,6.34,,0.22,,10,11
2012-2013,Napoli,27,38.0,72,,235,,,6.18,,0.28,,7,10
2012-2013,Palermo,36,38.0,34,,178,,,4.68,,0.18,,2,2
2012-2013,Parma,33,38.0,44,,194,,,5.11,,0.21,,3,5
2012-2013,Pescara,39,38.0,27,,124,,,3.26,,0.2,,2,3
2012-2013,Roma,24,38.0,68,,229,,,6.03,,0.28,,5,7
2012-2013,Sampdoria,29,38.0,41,,148,,,3.89,,0.24,,6,7
2012-2013,Siena,37,38.0,35,,119,,,3.13,,0.26,,4,7
2012-2013,Torino,29,38.0,45,,153,,,4.03,,0.26,,5,6
2012-2013,Udinese,30,38.0,59,,176,,,4.63,,0.31,,4,6
2013-2014,Atalanta,31,38.0,43,,167,,,4.39,,0.25,,2,3
2013-2014,Bologna,28,38.0,28,,166,,,4.37,,0.14,,5,6
2013-2014,Cagliari,31,38.0,34,,139,,,3.66,,0.21,,5,8
2013-2014,Catania,34,38.0,34,,166,,,4.37,,0.19,,3,3
2013-2014,Chievo,36,38.0,33,,149,,,3.92,,0.18,,6,7
2013-2014,Fiorentina,31,38.0,65,,189,,,4.97,,0.29,,11,11
2013-2014,Genoa,31,38.0,39,,150,,,3.95,,0.23,,5,9
2013-2014,Hellas Verona,29,38.0,60,,173,,,4.55,,0.3,,8,8
2013-2014,Inter,28,38.0,59,,205,,,5.39,,0.29,,0,1
2013-2014,Juventus,26,38.0,78,,243,,,6.39,,0.3,,4,4
2013-2014,Lazio,30,38.0,51,,198,,,5.21,,0.22,,7,8
2013-2014,Livorno,31,38.0,37,,154,,,4.05,,0.21,,4,4
2013-2014,Milan,32,38.0,55,,225,,,5.92,,0.23,,3,5
2013-2014,Napoli,30,38.0,76,,258,,,6.79,,0.27,,7,9
2013-2014,Parma,30,38.0,56,,172,,,4.53,,0.31,,3,6
2013-2014,Roma,29,38.0,70,,239,,,6.29,,0.27,,6,6
2013-2014,Sampdoria,33,38.0,46,,195,,,5.13,,0.22,,4,5
2013-2014,Sassuolo,38,38.0,43,,170,,,4.47,,0.21,,7,8
2013-2014,Torino,26,38.0,57,,192,,,5.05,,0.27,,5,8
2013-2014,Udinese,27,38.0,45,,177,,,4.66,,0.22,,6,8
2014-2015,Atalanta,32,38.0,37,,144,,,3.79,,0.23,,4,5
2014-2015,Cagliari,29,38.0,45,,193,,,5.08,,0.21,,4,7
2014-2015,Cesena,33,38.0,34,,121,,,3.18,,0.24,,5,6
2014-2015,Chievo,27,38.0,27,,151,,,3.97,,0.17,,1,2
2014-2015,Empoli,26,38.0,43,,184,,,4.84,,0.22,,3,3
2014-2015,Fiorentina,30,38.0,61,,222,,,5.84,,0.27,,2,7
2014-2015,Genoa,33,38.0,58,,184,,,4.84,,0.29,,5,7
2014-2015,Hellas Verona,30,38.0,48,,170,,,4.47,,0.26,,4,6
2014-2015,Inter,34,38.0,58,,205,,,5.39,,0.26,,5,7
2014-2015,Juventus,28,38.0,71,,221,,,5.82,,0.29,,6,9
2014-2015,Lazio,29,38.0,70,,232,,,6.11,,0.29,,3,5
2014-2015,Milan,35,38.0,54,,161,,,4.24,,0.27,,11,11
2014-2015,Napoli,26,38.0,65,,257,,,6.76,,0.24,,4,9
2014-2015,Palermo,31,38.0,52,,169,,,4.45,,0.28,,5,7
2014-2015,Parma,38,38.0,31,,131,,,3.45,,0.22,,2,2
2014-2015,Roma,32,38.0,53,,185,,,4.87,,0.25,,6,7
2014-2015,Sampdoria,30,38.0,46,,162,,,4.26,,0.27,,2,2
2014-2015,Sassuolo,27,38.0,47,,164,,,4.32,,0.24,,7,9
2014-2015,Torino,31,38.0,48,,177,,,4.66,,0.25,,3,6
2014-2015,Udinese,28,38.0,41,,132,,,3.47,,0.3,,1,1
2015-2016,Atalanta,33,38.0,38,,135,,,3.55,,0.25,,4,6
2015-2016,Bologna,31,38.0,33,,110,,,2.89,,0.28,,2,3
2015-2016,Carpi,35,38.0,33,,126,,,3.32,,0.22,,5,8
2015-2016,Chievo,26,38.0,42,,130,,,3.42,,0.28,,5,8
2015-2016,Empoli,29,38.0,39,,147,,,3.87,,0.26,,1,2
2015-2016,Fiorentina,26,38.0,58,,178,,,4.68,,0.28,,8,9
2015-2016,Frosinone,28,38.0,34,,127,,,3.34,,0.24,,3,3
2015-2016,Genoa,30,38.0,44,,150,,,3.95,,0.27,,4,4
2015-2016,Hellas Verona,32,38.0,34,,140,,,3.68,,0.2,,6,7
2015-2016,Inter,28,38.0,49,,170,,,4.47,,0.28,,2,3
2015-2016,Juventus,28,38.0,72,,213,,,5.61,,0.3,,9,9
2015-2016,Lazio,27,38.0,52,,150,,,3.95,,0.29,,9,11
2015-2016,Milan,30,38.0,49,,165,,,4.34,,0.26,,6,7
2015-2016,Napoli,22,38.0,78,,244,,,6.42,,0.29,,7,8
2015-2016,Palermo,31,38.0,37,,134,,,3.53,,0.27,,1,1
2015-2016,Roma,32,38.0,83,,220,,,5.79,,0.36,,4,4
2015-2016,Sampdoria,35,38.0,45,,150,,,3.95,,0.28,,3,3
2015-2016,Sassuolo,26,38.0,48,,166,,,4.37,,0.27,,4,5
2015-2016,Torino,27,38.0,49,,173,,,4.55,,0.23,,9,11
2015-2016,Udinese,28,38.0,34,,147,,,3.87,,0.22,,2,2
2016-2017,Atalanta,32,38.0,62,536,201,37.5,14.11,5.29,0.11,0.28,,5,5
2016-2017,Bologna,28,38.0,39,424,145,34.2,11.16,3.82,0.09,0.26,,1,2
2016-2017,Cagliari,34,38.0,53,431,161,37.4,11.34,4.24,0.11,0.3,,4,6
2016-2017,Chievo,29,38.0,42,405,129,31.9,10.66,3.39,0.09,0.29,,4,5
2016-2017,Crotone,31,38.0,34,408,129,31.6,10.74,3.39,0.07,0.23,,4,5
2016-2017,Empoli,29,38.0,29,364,127,34.9,9.58,3.34,0.07,0.2,,4,5
2016-2017,Fiorentina,30,38.0,62,614,224,36.5,16.16,5.89,0.09,0.25,,6,10
2016-2017,Genoa,33,38.0,36,453,148,32.7,11.92,3.89,0.08,0.23,,2,3
2016-2017,Inter,29,38.0,70,636,212,33.3,16.74,5.58,0.11,0.32,,3,5
2016-2017,Juventus,27,38.0,72,588,211,35.9,15.47,5.55,0.12,0.33,,3,3
2016-2017,Lazio,30,38.0,73,590,212,35.9,15.53,5.58,0.1,0.29,,12,14
2016-2017,Milan,28,38.0,55,556,191,34.4,14.63,5.03,0.09,0.25,,7,12
2016-2017,Napoli,26,38.0,94,672,261,38.8,17.68,6.87,0.13,0.34,,5,6
2016-2017,Palermo,30,38.0,33,385,119,30.9,10.13,3.13,0.08,0.27,,1,1
2016-2017,Pescara,34,38.0,32,449,145,32.3,11.82,3.82,0.07,0.21,,2,6
2016-2017,Roma,22,38.0,88,677,235,34.7,17.82,6.18,0.11,0.32,,12,14
2016-2017,Sampdoria,24,38.0,45,504,165,32.7,13.26,4.34,0.08,0.23,,7,8
2016-2017,Sassuolo,28,38.0,59,445,173,38.9,11.71,4.55,0.11,0.29,,9,10
2016-2017,Torino,29,38.0,70,580,185,31.9,15.26,4.87,0.11,0.35,,5,9
2016-2017,Udinese,29,38.0,47,435,155,35.6,11.45,4.08,0.1,0.29,,2,3
2017-2018,Atalanta,25,38.0,57,570,192,33.7,15.0,5.05,0.09,0.27,16.9,15,5,9,64.1,57.2,0.1,-7.1,-5.2
2017-2018,Benevento,41,38.0,32,470,145,30.9,12.37,3.82,0.06,0.21,19.8,23,2,3,38.3,36.0,0.08,-6.3,-6.0
2017-2018,Bologna,30,38.0,37,356,119,33.4,9.37,3.13,0.1,0.29,19.4,32,2,3,36.6,34.3,0.1,0.4,0.7
2017-2018,Cagliari,29,38.0,33,374,113,30.2,9.84,2.97,0.08,0.26,18.3,16,4,7,39.7,34.2,0.09,-6.7,-5.2
2017-2018,Chievo,25,38.0,36,389,131,33.7,10.24,3.45,0.09,0.27,18.7,10,1,2,34.1,32.5,0.08,1.9,2.5
2017-2018,Crotone,29,38.0,38,378,129,34.1,9.95,3.39,0.1,0.28,20.0,12,2,3,34.6,32.2,0.09,3.4,3.8
2017-2018,Fiorentina,27,38.0,53,611,179,29.3,16.08,4.71,0.08,0.26,19.3,20,7,8,54.5,48.3,0.08,-1.5,-2.3
2017-2018,Genoa,33,38.0,31,413,120,29.1,10.87,3.16,0.07,0.23,17.5,11,4,5,43.5,39.6,0.1,-12.5,-12.6
2017-2018,Hellas Verona,32,38.0,30,354,89,25.1,9.32,2.34,0.06,0.26,20.5,19,7,7,33.0,27.7,0.08,-3.0,-4.7
2017-2018,Inter,22,38.0,64,565,195,34.5,14.87,5.13,0.1,0.3,18.0,14,6,7,56.7,51.3,0.09,7.3,6.7
2017-2018,Juventus,24,38.0,82,546,198,36.3,14.37,5.21,0.14,0.39,18.9,41,4,8,55.3,49.4,0.09,26.7,28.6
2017-2018,Lazio,24,38.0,86,542,199,36.7,14.26,5.24,0.14,0.39,18.4,16,9,11,63.7,55.2,0.1,22.3,21.8
2017-2018,Milan,24,38.0,54,606,214,35.3,15.95,5.63,0.08,0.23,19.6,24,4,6,51.2,46.6,0.08,2.8,3.4
2017-2018,Napoli,23,38.0,73,648,245,37.8,17.05,6.45,0.1,0.27,19.0,20,6,8,67.1,60.7,0.1,5.9,6.3
2017-2018,Roma,27,38.0,56,637,199,31.2,16.76,5.24,0.08,0.27,18.6,29,3,6,63.4,58.8,0.09,-7.4,-5.8
2017-2018,Sampdoria,27,38.0,56,474,163,34.4,12.47,4.29,0.1,0.3,18.8,26,7,8,53.5,47.2,0.1,2.5,1.8
2017-2018,Sassuolo,28,38.0,28,489,134,27.4,12.87,3.53,0.05,0.18,19.5,18,4,10,46.3,38.4,0.08,-18.3,-14.4
2017-2018,SPAL,29,38.0,37,368,109,29.6,9.68,2.87,0.09,0.29,19.6,24,5,6,35.8,31.1,0.09,1.2,0.9
2017-2018,Torino,27,38.0,53,449,151,33.6,11.82,3.97,0.12,0.35,17.8,21,0,2,46.0,44.4,0.1,7.0,8.6
2017-2018,Udinese,27,38.0,45,436,131,30.0,11.47,3.45,0.09,0.29,19.1,14,7,7,43.2,37.7,0.09,1.8,0.3
2018-2019,Atalanta,27,38.0,75,637,214,33.6,16.76,5.63,0.11,0.34,16.6,16,2,4,72.2,69.0,0.11,2.8,4.0
2018-2019,Bologna,29,38.0,45,495,158,31.9,13.03,4.16,0.08,0.25,18.7,25,5,5,46.8,42.9,0.09,-1.8,-2.9
2018-2019,Cagliari,30,38.0,35,433,124,28.6,11.39,3.26,0.08,0.27,17.9,13,2,3,42.1,39.7,0.09,-7.1,-6.7
2018-2019,Chievo,36,38.0,25,385,110,28.6,10.13,2.89,0.05,0.19,19.6,14,4,6,36.0,31.7,0.09,-11.0,-10.7
2018-2019,Empoli,29,38.0,48,450,148,32.9,11.84,3.89,0.1,0.3,17.8,17,4,7,52.4,46.8,0.11,-4.4,-2.8
2018-2019,Fiorentina,27,38.0,45,579,168,29.0,15.24,4.42,0.07,0.24,18.6,15,5,6,54.0,49.2,0.09,-9.0,-9.2
2018-2019,Frosinone,33,38.0,28,450,120,26.7,11.84,3.16,0.05,0.2,19.3,24,4,5,38.9,35.1,0.08,-10.9,-11.1
2018-2019,Genoa,31,38.0,37,528,147,27.8,13.89,3.87,0.06,0.22,18.9,24,4,5,46.9,43.0,0.08,-9.9,-10.0
2018-2019,Inter,23,38.0,57,625,186,29.8,16.45,4.89,0.08,0.26,18.0,10,8,9,63.8,56.8,0.09,-6.8,-7.8
2018-2019,Juventus,31,38.0,66,601,191,31.8,15.82,5.03,0.1,0.31,18.4,27,7,8,60.7,54.5,0.09,5.3,4.5
2018-2019,Lazio,30,38.0,54,606,182,30.0,15.95,4.79,0.08,0.26,18.2,22,6,6,60.4,55.8,0.09,-6.4,-7.8
2018-2019,Milan,23,38.0,51,582,192,33.0,15.32,5.05,0.08,0.25,19.6,19,3,4,48.8,45.7,0.08,2.2,2.3
2018-2019,Napoli,26,38.0,73,702,231,32.9,18.47,6.08,0.1,0.3,19.5,23,3,4,61.8,58.8,0.08,11.2,11.2
2018-2019,Parma,31,38.0,40,350,105,30.0,9.21,2.76,0.1,0.34,19.1,19,4,5,40.2,36.3,0.11,-0.2,-0.3
2018-2019,Roma,26,38.0,65,616,210,34.1,16.21,5.53,0.1,0.28,17.1,15,6,6,64.4,59.6,0.1,0.6,-0.6
2018-2019,Sampdoria,24,38.0,60,475,166,34.9,12.5,4.37,0.11,0.3,19.9,20,10,12,50.5,41.8,0.09,9.5,8.2
2018-2019,Sassuolo,29,38.0,50,507,150,29.6,13.34,3.95,0.09,0.3,19.8,21,5,5,48.5,44.6,0.09,1.5,0.4
2018-2019,SPAL,28,38.0,44,454,129,28.4,11.95,3.39,0.08,0.29,18.2,15,7,8,43.9,37.7,0.08,0.1,-0.7
2018-2019,Torino,25,38.0,50,513,175,34.1,13.5,4.61,0.09,0.26,18.7,26,5,6,46.6,41.9,0.08,3.4,3.1
2018-2019,Udinese,31,38.0,37,455,119,26.2,11.97,3.13,0.07,0.29,20.7,12,3,8,42.5,36.0,0.08,-5.5,-2.0
2019-2020,Atalanta,30,38.0,96,700,256,36.6,18.42,6.74,0.13,0.35,17.3,31,7,10,83.5,75.6,0.11,12.5,13.4
2019-2020,Bologna,31,38.0,48,549,160,29.1,14.45,4.21,0.08,0.27,18.8,29,5,6,56.9,52.2,0.1,-8.9,-9.2
2019-2020,Brescia,32,38.0,34,414,138,33.3,10.89,3.63,0.07,0.22,17.9,32,4,4,43.4,40.2,0.1,-9.4,-10.2
2019-2020,Cagliari,33,38.0,50,438,136,31.1,11.53,3.58,0.11,0.34,19.5,16,4,6,41.8,37.1,0.09,8.2,8.9
2019-2020,Fiorentina,33,38.0,48,538,170,31.6,14.16,4.47,0.07,0.23,18.2,23,9,11,53.6,45.4,0.09,-5.6,-6.4
2019-2020,Genoa,34,38.0,46,420,140,33.3,11.05,3.68,0.08,0.25,19.2,24,11,16,48.7,36.2,0.09,-2.7,-1.2
2019-2020,Hellas Verona,30,38.0,45,435,146,33.6,11.45,3.84,0.09,0.25,17.4,12,8,9,50.5,43.6,0.1,-5.5,-6.6
2019-2020,Inter,29,38.0,80,607,216,35.6,15.97,5.68,0.12,0.32,17.6,22,10,11,69.4,60.8,0.1,10.6,9.2
2019-2020,Juventus,30,38.0,73,665,224,33.7,17.5,5.89,0.09,0.27,19.0,40,13,14,71.1,60.1,0.09,1.9,-0.1
2019-2020,Lazio,27,38.0,77,562,204,36.3,14.79,5.37,0.11,0.3,18.2,21,15,18,68.0,53.9,0.1,9.0,8.1
2019-2020,Lecce,30,38.0,52,513,165,32.2,13.5,4.34,0.08,0.25,19.6,19,11,15,54.7,43.5,0.09,-2.7,-2.5
2019-2020,Milan,32,38.0,60,610,186,30.5,16.05,4.89,0.09,0.28,19.0,24,8,9,62.8,56.0,0.09,-2.8,-4.0
2019-2020,Napoli,25,38.0,60,683,225,32.9,17.97,5.92,0.08,0.24,19.0,17,5,5,61.7,57.8,0.09,-1.7,-2.8
2019-2020,Parma,25,38.0,53,458,145,31.7,12.05,3.82,0.11,0.34,19.0,23,4,6,48.4,43.7,0.1,4.6,5.3
2019-2020,Roma,31,38.0,73,630,198,31.4,16.58,5.21,0.1,0.31,18.7,35,12,14,73.2,62.8,0.1,-0.2,-1.8
2019-2020,Sampdoria,31,38.0,48,549,161,29.3,14.45,4.24,0.07,0.24,19.4,25,9,12,50.2,40.8,0.08,-2.2,-1.8
2019-2020,Sassuolo,31,38.0,69,547,191,34.9,14.39,5.03,0.12,0.34,19.8,32,5,6,52.9,48.2,0.09,16.1,15.8
2019-2020,SPAL,34,38.0,27,462,117,25.3,12.16,3.08,0.05,0.19,19.4,23,5,7,40.7,35.2,0.08,-13.7,-13.2
2019-2020,Torino,27,38.0,44,438,144,32.9,11.53,3.79,0.08,0.26,18.4,21,7,8,44.8,39.4,0.09,-0.8,-2.4
2019-2020,Udinese,25,38.0,37,469,141,30.1,12.34,3.71,0.08,0.26,18.5,12,0,0,41.6,41.6,0.09,-4.6,-4.6
2020-2021,Atalanta,30,38.0,90,614,221,36.0,16.16,5.82,0.14,0.38,16.6,28,6,7,74.7,69.3,0.12,15.3,14.7
2020-2021,Benevento,29,38.0,40,411,128,31.1,10.82,3.37,0.09,0.27,17.7,17,5,7,40.6,35.0,0.09,-0.6,0.0
2020-2021,Bologna,37,38.0,49,495,175,35.4,13.03,4.61,0.09,0.26,18.5,24,3,4,54.6,51.1,0.11,-5.6,-5.1
2020-2021,Cagliari,32,38.0,43,429,122,28.4,11.29,3.21,0.09,0.32,17.4,13,4,5,47.1,43.4,0.1,-4.1,-4.4
2020-2021,Crotone,31,38.0,44,353,111,31.4,9.29,2.92,0.1,0.32,18.8,15,9,9,40.4,33.4,0.1,3.6,1.6
2020-2021,Fiorentina,30,38.0,44,366,115,31.4,9.63,3.03,0.1,0.33,16.9,14,6,6,44.9,40.2,0.11,-0.9,-2.2
2020-2021,Genoa,34,38.0,46,338,120,35.5,8.89,3.16,0.12,0.35,18.0,11,4,4,38.8,35.6,0.11,7.2,6.4
2020-2021,Hellas Verona,32,38.0,38,400,118,29.5,10.53,3.11,0.09,0.3,16.2,13,3,3,45.3,43.0,0.11,-7.3,-8.0
2020-2021,Inter,25,38.0,84,543,194,35.7,14.29,5.11,0.14,0.39,16.3,17,8,9,74.2,67.2,0.13,9.8,8.8
2020-2021,Juventus,30,38.0,76,585,206,35.2,15.39,5.42,0.12,0.33,16.8,23,8,10,74.4,67.0,0.12,1.6,1.0
2020-2021,Lazio,30,38.0,59,514,175,34.0,13.53,4.61,0.1,0.3,17.3,14,6,10,58.2,50.7,0.1,0.8,2.3
2020-2021,Milan,29,38.0,72,537,184,34.3,14.13,4.84,0.11,0.31,18.4,30,15,20,70.7,56.0,0.11,1.3,1.0
2020-2021,Napoli,25,38.0,83,637,217,34.1,16.76,5.71,0.12,0.35,18.1,25,7,8,67.7,61.4,0.1,15.3,14.6
2020-2021,Parma,42,38.0,39,392,123,31.4,10.32,3.24,0.09,0.28,18.1,20,5,5,42.5,38.6,0.1,-3.5,-4.6
2020-2021,Roma,31,38.0,67,537,191,35.6,14.13,5.03,0.11,0.31,16.4,14,7,8,65.3,59.0,0.12,1.7,1.0
2020-2021,Sampdoria,27,38.0,52,422,134,31.8,11.11,3.53,0.11,0.35,17.5,15,5,6,45.4,41.1,0.1,6.6,5.9
2020-2021,Sassuolo,28,38.0,61,516,164,31.8,13.58,4.32,0.09,0.29,18.7,25,13,14,58.4,47.7,0.09,2.6,0.3
2020-2021,Spezia,35,38.0,52,382,130,34.0,10.05,3.42,0.13,0.37,16.8,10,4,5,46.5,42.6,0.12,5.5,5.4
2020-2021,Torino,29,38.0,49,457,144,31.5,12.03,3.79,0.1,0.31,17.5,40,5,6,50.0,45.3,0.1,-1.0,-1.3
2020-2021,Udinese,33,38.0,40,410,125,30.5,10.79,3.29,0.09,0.29,18.1,13,4,4,45.7,42.9,0.11,-5.7,-6.9
2021-2022,Atalanta,32,38.0,62,598,167,27.9,15.74,4.39,0.1,0.34,16.5,16,5,6,62.4,58.1,0.1,-0.4,-1.1
2021-2022,Bologna,36,38.0,43,434,143,32.9,11.42,3.76,0.09,0.27,18.1,14,4,5,44.9,41.0,0.1,-1.9,-2.0
2021-2022,Cagliari,33,38.0,34,420,117,27.9,11.05,3.08,0.07,0.26,17.3,17,3,4,39.0,36.4,0.09,-5.0,-5.4
2021-2022,Empoli,28,38.0,47,490,151,30.8,12.89,3.97,0.08,0.26,18.5,16,7,7,44.9,39.3,0.08,2.1,0.7
2021-2022,Fiorentina,28,38.0,59,501,172,34.3,13.18,4.53,0.1,0.29,17.2,25,9,12,60.0,50.8,0.11,-1.0,-0.8
2021-2022,Genoa,40,38.0,26,397,106,26.7,10.45,2.79,0.05,0.19,18.8,12,6,7,37.2,31.8,0.08,-11.2,-11.8
2021-2022,Hellas Verona,31,38.0,63,455,152,33.4,11.97,4.0,0.12,0.37,16.9,15,7,8,50.4,44.2,0.1,12.6,11.8
2021-2022,Inter,27,38.0,83,667,239,35.8,17.55,6.29,0.11,0.32,15.9,13,7,11,81.6,73.6,0.11,1.4,2.4
2021-2022,Juventus,32,38.0,56,517,166,32.1,13.61,4.37,0.1,0.31,17.5,18,5,6,51.4,46.7,0.09,4.6,4.3
2021-2022,Lazio,27,38.0,74,445,185,41.6,11.71,4.87,0.15,0.36,17.4,14,7,9,55.3,48.2,0.11,18.7,18.8
2021-2022,Milan,28,38.0,66,592,187,31.6,15.58,4.92,0.1,0.33,18.4,23,5,8,59.7,54.1,0.09,6.3,6.9
2021-2022,Napoli,27,38.0,74,565,186,32.9,14.87,4.89,0.11,0.34,18.2,25,10,14,57.8,46.6,0.08,16.2,17.4
2021-2022,Roma,29,38.0,58,592,184,31.1,15.58,4.84,0.09,0.28,17.3,21,7,9,65.1,58.1,0.1,-7.1,-7.1
2021-2022,Salernitana,42,38.0,32,426,130,30.5,11.21,3.42,0.07,0.22,18.1,20,4,5,36.5,32.9,0.08,-4.5,-4.9
2021-2022,Sampdoria,34,38.0,42,386,118,30.6,10.16,3.11,0.1,0.34,18.1,12,2,4,36.7,33.4,0.09,5.3,6.6
2021-2022,Sassuolo,29,38.0,60,569,204,35.9,14.97,5.37,0.09,0.26,18.8,14,7,7,55.7,50.2,0.09,4.3,2.8
2021-2022,Spezia,30,38.0,38,381,127,33.3,10.03,3.34,0.09,0.28,18.7,17,3,5,40.1,36.2,0.1,-2.1,-1.2
2021-2022,Torino,31,38.0,43,470,142,30.2,12.37,3.74,0.08,0.26,17.3,16,6,6,48.7,44.1,0.1,-5.7,-7.1
2021-2022,Udinese,29,38.0,58,505,181,35.8,13.29,4.76,0.11,0.3,17.8,19,3,4,51.3,48.2,0.1,6.7,6.8
2021-2022,Venezia,39,38.0,34,349,113,32.4,9.18,2.97,0.09,0.27,18.2,22,3,5,36.5,32.4,0.09,-2.5,-1.4
2022-2023,Atalanta,27,38.0,64,506,168,33.2,13.32,4.42,0.11,0.35,16.9,13,6,8,57.7,51.3,0.1,6.3,6.7
2022-2023,Bologna,27,38.0,52,479,150,31.3,12.61,3.95,0.1,0.31,19.6,18,6,6,43.8,39.4,0.08,8.2,6.6
2022-2023,Cremonese,33,38.0,35,458,122,26.6,12.05,3.21,0.07,0.25,18.5,15,5,7,38.7,33.2,0.07,-3.7,-3.2
2022-2023,Empoli,32,38.0,35,447,129,28.9,11.76,3.39,0.07,0.26,18.3,19,2,2,38.8,37.2,0.09,-3.8,-4.2
2022-2023,Fiorentina,30,38.0,51,597,171,28.6,15.71,4.5,0.08,0.27,17.6,23,4,6,55.0,50.8,0.09,-4.0,-3.8
2022-2023,Hellas Verona,36,38.0,29,415,116,28.0,10.92,3.05,0.07,0.24,18.6,13,1,1,35.8,35.1,0.09,-6.8,-7.1
2022-2023,Inter,25,38.0,68,625,197,31.5,16.45,5.18,0.1,0.32,16.9,21,4,5,68.0,64.5,0.11,0.0,-0.5
2022-2023,Juventus,29,38.0,56,529,171,32.3,13.92,4.5,0.1,0.31,17.3,19,3,6,55.3,50.4,0.1,0.7,2.6
2022-2023,Lazio,24,38.0,59,430,161,37.4,11.32,4.24,0.12,0.33,17.8,14,6,8,51.1,44.9,0.11,7.9,8.1
2022-2023,Lecce,29,38.0,31,412,106,25.7,10.84,2.79,0.07,0.25,18.8,14,4,6,36.3,31.6,0.08,-5.3,-4.6
2022-2023,Milan,30,38.0,61,546,178,32.6,14.37,4.68,0.1,0.31,17.7,26,5,5,58.8,55.1,0.1,2.2,0.9
2022-2023,Monza,31,38.0,46,406,139,34.2,10.68,3.66,0.1,0.29,17.9,13,5,6,45.9,41.2,0.1,0.1,-0.2
2022-2023,Napoli,27,38.0,75,605,212,35.0,15.92,5.58,0.11,0.32,17.1,18,8,10,64.7,56.8,0.1,10.3,10.2
2022-2023,Roma,30,38.0,50,488,155,31.8,12.84,4.08,0.09,0.28,17.0,15,7,10,57.7,50.2,0.11,-7.7,-7.2
2022-2023,Salernitana,30,38.0,46,381,115,30.2,10.03,3.03,0.12,0.38,18.9,14,2,2,36.7,35.2,0.09,9.3,8.8
2022-2023,Sampdoria,40,38.0,23,376,114,30.3,9.89,3.0,0.06,0.19,17.8,16,1,2,34.1,32.5,0.09,-11.1,-10.5
2022-2023,Sassuolo,31,38.0,46,477,161,33.8,12.55,4.24,0.08,0.23,18.0,20,9,10,51.6,43.9,0.09,-5.6,-6.9
2022-2023,Spezia,34,38.0,29,419,120,28.6,11.03,3.16,0.06,0.21,18.3,19,4,4,41.5,38.5,0.09,-12.5,-13.5
2022-2023,Torino,28,38.0,41,444,146,32.9,11.68,3.84,0.09,0.27,16.7,6,2,2,41.8,40.2,0.09,-0.8,-1.2
2022-2023,Udinese,30,38.0,46,503,145,28.8,13.24,3.82,0.09,0.31,18.5,23,1,2,46.9,45.4,0.09,-0.9,-0.4
2023-2024,Atalanta,29,38.0,72,539,197,36.5,14.18,5.18,0.12,0.34,16.0,6,5,5,57.8,53.9,0.1,14.2,13.1
2023-2024,Bologna,28,38.0,52,472,159,33.7,12.42,4.18,0.1,0.3,18.0,19,4,5,47.9,44.0,0.1,4.1,4.0
2023-2024,Cagliari,29,38.0,41,442,127,28.7,11.63,3.34,0.08,0.29,17.6,15,4,6,42.9,38.4,0.09,-1.9,-1.4
2023-2024,Empoli,34,38.0,26,413,112,27.1,10.87,2.95,0.05,0.19,18.9,22,5,5,36.2,32.4,0.08,-10.2,-11.4
2023-2024,Fiorentina,30,38.0,60,515,171,33.2,13.55,4.5,0.11,0.33,17.5,13,4,8,51.7,45.4,0.09,8.3,10.6
2023-2024,Frosinone,34,38.0,44,460,147,32.0,12.11,3.87,0.08,0.24,19.2,18,8,10,45.8,37.9,0.08,-1.8,-1.9
2023-2024,Genoa,34,38.0,43,397,119,30.0,10.45,3.13,0.1,0.32,17.4,21,5,6,35.7,31.0,0.08,7.3,7.0
2023-2024,Hellas Verona,36,38.0,38,435,146,33.6,11.45,3.84,0.08,0.24,18.9,13,3,7,38.0,32.4,0.08,0.0,2.6
2023-2024,Inter,27,38.0,87,580,196,33.8,15.26,5.16,0.13,0.38,16.8,19,13,14,78.2,67.4,0.12,8.8,6.6
2023-2024,Juventus,31,38.0,52,531,146,27.5,13.97,3.84,0.09,0.34,16.9,19,3,5,54.6,50.6,0.1,-2.6,-1.6
2023-2024,Lazio,22,38.0,46,436,135,31.0,11.47,3.55,0.1,0.31,18.0,15,4,4,46.5,43.4,0.1,-0.5,-1.4
2023-2024,Lecce,26,38.0,30,503,147,29.2,13.24,3.87,0.05,0.18,18.8,11,3,5,43.1,39.2,0.08,-13.1,-12.2
2023-2024,Milan,35,38.0,76,554,202,36.5,14.58,5.32,0.13,0.35,16.8,9,6,8,66.2,60.0,0.11,9.8,10.0
2023-2024,Monza,31,38.0,38,451,123,27.3,11.87,3.24,0.08,0.28,17.8,15,4,5,39.5,35.9,0.08,-1.5,-1.9
2023-2024,Napoli,29,38.0,54,638,196,30.7,16.79,5.16,0.08,0.24,17.6,18,6,10,61.4,53.3,0.09,-7.4,-5.3
2023-2024,Roma,30,38.0,64,464,142,30.6,12.21,3.74,0.11,0.37,17.9,16,11,12,51.4,42.3,0.09,12.6,10.7
2023-2024,Salernitana,39,38.0,32,398,118,29.6,10.47,3.11,0.08,0.25,19.1,11,2,2,30.3,28.7,0.07,1.7,1.3
2023-2024,Sassuolo,30,38.0,42,453,144,31.8,11.92,3.79,0.08,0.24,19.2,18,7,8,39.8,33.8,0.08,2.2,1.2
2023-2024,Torino,30,38.0,35,432,121,28.0,11.37,3.18,0.08,0.27,17.1,15,2,2,37.7,36.1,0.09,-2.7,-3.1
2023-2024,Udinese,32,38.0,36,457,134,29.3,12.03,3.53,0.07,0.25,18.8,21,3,4,39.1,36.8,0.08,-3.1,-3.8
2024-2025,Atalanta,32,38.0,76,538,181,33.6,14.16,4.76,0.13,0.39,15.0,5,5,7,65.0,59.5,0.11,11.0,11.5
2024-2025,Bologna,30,38.0,56,505,166,32.9,13.29,4.37,0.1,0.3,17.5,18,6,7,49.3,43.8,0.09,6.7,6.2
2024-2025,Cagliari,28,38.0,38,421,115,27.3,11.08,3.03,0.08,0.3,16.0,10,3,3,42.7,40.3,0.1,-4.7,-5.3
2024-2025,Como,38,38.0,44,519,176,33.9,13.66,4.63,0.08,0.25,17.9,17,0,2,45.4,43.9,0.09,-1.4,0.1
2024-2025,Empoli,34,38.0,31,367,107,29.2,9.66,2.82,0.08,0.27,19.1,21,2,3,32.5,30.1,0.08,-1.5,-1.1
2024-2025,Fiorentina,34,38.0,58,439,166,37.8,11.55,4.37,0.12,0.31,18.0,20,6,8,48.9,42.6,0.1,9.1,9.4
2024-2025,Genoa,37,38.0,35,383,117,30.5,10.08,3.08,0.09,0.3,17.7,16,0,2,37.2,35.5,0.09,-2.2,-0.5
2024-2025,Hellas Verona,32,38.0,31,372,95,25.5,9.79,2.5,0.08,0.31,17.7,12,2,2,33.8,32.3,0.09,-2.8,-3.3
2024-2025,Inter,26,38.0,76,565,179,31.7,14.87,4.71,0.12,0.38,16.3,17,8,9,66.9,60.1,0.11,9.1,7.9
2024-2025,Juventus,29,38.0,56,509,175,34.4,13.39,4.61,0.1,0.29,17.3,11,6,6,51.0,46.3,0.09,5.0,3.7
2024-2025,Lazio,27,38.0,60,528,185,35.0,13.89,4.87,0.1,0.29,17.7,13,6,7,57.2,52.0,0.1,2.8,2.0
2024-2025,Lecce,31,38.0,27,450,119,26.4,11.84,3.13,0.05,0.2,19.3,22,3,4,34.6,31.8,0.07,-7.6,-7.8
2024-2025,Milan,35,38.0,59,555,185,33.3,14.61,4.87,0.1,0.3,17.9,8,4,8,63.7,57.5,0.11,-4.7,-2.5
2024-2025,Monza,36,38.0,27,333,99,29.7,8.76,2.61,0.07,0.24,18.3,17,3,3,29.9,27.7,0.09,-2.9,-3.7
2024-2025,Napoli,27,38.0,56,499,150,30.1,13.13,3.95,0.1,0.35,16.2,11,4,5,52.9,49.1,0.1,3.1,2.9
2024-2025,Parma,32,38.0,43,418,140,33.5,11.0,3.68,0.09,0.26,19.3,22,6,7,43.1,37.6,0.09,-0.1,-0.6
2024-2025,Roma,28,38.0,55,514,162,31.5,13.53,4.26,0.09,0.29,17.9,15,8,8,53.0,46.7,0.09,2.0,0.3
2024-2025,Torino,31,38.0,36,383,123,32.1,10.08,3.24,0.09,0.28,18.6,12,2,4,34.6,31.6,0.08,1.4,2.4
2024-2025,Udinese,31,38.0,41,430,137,31.9,11.32,3.61,0.09,0.28,17.7,15,2,4,38.2,35.0,0.08,2.8,4.0
2024-2025,Venezia,36,38.0,31,381,120,31.5,10.03,3.16,0.07,0.23,18.5,25,4,5,35.8,32.0,0.09,-4.8,-5.0
