season,squad,roster_size,starters_count,age_mean,age_mean_starters,pct_under23,pct_gk,pct_df,pct_mf,pct_fw,goals_tot,assists_tot,xg_tot,xga_proxy,team_xg_per90,conversion_sh_to_g,progressions_tot,yellow_cards,red_cards,top5_mean_gpa,bottom5_mean_gpa,gap_top5_bottom5_gpa,age_std
2010-2011,Bari,34,18.0,25.235294117647058,26.5,0.2647058823529412,0.058823529411764705,0.38235294117647056,0.4411764705882353,0.9411764705882353,27.0,18.0,,,,,0.0,78.0,6.0,4.0,0.0,4.0,4.023106168647153
2010-2011,Bologna,25,15.0,25.4,25.357142857142858,0.32,0.08,0.36,0.56,0.92,35.0,20.0,,,,,0.0,86.0,3.0,7.6,0.0,7.6,4.536885862938733
2010-2011,Brescia,32,18.0,26.4375,28.38888888888889,0.21875,0.09375,0.375,0.5,0.90625,34.0,18.0,,,,,0.0,101.0,5.0,7.8,0.0,7.8,5.9889010247182215
2010-2011,Cagliari,22,14.0,25.045454545454547,26.0,0.2727272727272727,0.09090909090909091,0.3181818181818182,0.45454545454545453,0.9090909090909091,41.0,28.0,,,,,0.0,74.0,0.0,9.6,0.0,9.6,3.696552740662869
2010-2011,Catania,29,17.0,26.06896551724138,26.9375,0.2413793103448276,0.06896551724137931,0.3448275862068966,0.4827586206896552,0.9310344827586207,38.0,21.0,,,,,0.0,70.0,7.0,7.2,0.0,7.2,3.4736871567621326
2010-2011,Cesena,29,15.0,26.24137931034483,28.214285714285715,0.27586206896551724,0.06896551724137931,0.41379310344827586,0.4827586206896552,0.9310344827586207,37.0,23.0,,,,,0.0,83.0,5.0,8.4,0.0,8.4,5.389508143565296
2010-2011,Chievo,26,17.0,27.846153846153847,27.941176470588236,0.038461538461538464,0.07692307692307693,0.34615384615384615,0.4230769230769231,0.9230769230769231,37.0,21.0,,,,,0.0,97.0,4.0,7.0,0.0,7.0,3.7809237780448064
2010-2011,Fiorentina,30,19.0,25.633333333333333,27.36842105263158,0.26666666666666666,0.1,0.4,0.5666666666666667,0.9,47.0,32.0,,,,,0.0,73.0,5.0,9.6,0.0,9.6,5.006777016400273
2010-2011,Genoa,32,15.0,25.0625,27.6,0.25,0.0625,0.375,0.5625,0.9375,42.0,29.0,,,,,0.0,68.0,5.0,8.6,0.0,8.6,4.812198880399285
2010-2011,Inter,30,18.0,26.666666666666668,29.4375,0.26666666666666666,0.06666666666666667,0.4,0.5,0.9333333333333333,68.0,48.0,,,,,0.0,56.0,3.0,13.8,0.0,13.8,5.504439169862144
2010-2011,Juventus,32,16.0,26.1875,26.9375,0.1875,0.0625,0.40625,0.4375,0.9375,56.0,35.0,,,,,0.0,74.0,5.0,11.0,0.0,11.0,5.044559509527199
2010-2011,Lazio,25,13.0,27.24,27.923076923076923,0.08,0.08,0.4,0.56,0.92,52.0,40.0,,,,,0.0,68.0,7.0,12.8,0.0,12.8,3.8544346753663716
2010-2011,Lecce,26,17.0,25.96153846153846,27.1875,0.23076923076923078,0.07692307692307693,0.4230769230769231,0.46153846153846156,0.9230769230769231,45.0,31.0,,,,,0.0,88.0,9.0,9.2,0.0,9.2,3.924087351023361
2010-2011,Milan,34,18.0,28.0,29.11111111111111,0.20588235294117646,0.08823529411764706,0.38235294117647056,0.47058823529411764,0.9117647058823529,63.0,47.0,,,,,0.0,70.0,5.0,16.2,0.0,16.2,5.5867809346815465
2010-2011,Napoli,24,15.0,26.583333333333332,27.642857142857142,0.16666666666666666,0.041666666666666664,0.4583333333333333,0.5833333333333334,0.9583333333333334,58.0,45.0,,,,,0.0,97.0,5.0,16.4,0.0,16.4,4.4322598678588205
2010-2011,Palermo,27,14.0,24.074074074074073,24.642857142857142,0.4444444444444444,0.07407407407407407,0.37037037037037035,0.48148148148148145,0.9259259259259259,58.0,31.0,,,,,0.0,82.0,3.0,12.4,0.0,12.4,4.607067529901339
2010-2011,Parma,31,18.0,26.096774193548388,27.529411764705884,0.16129032258064516,0.06451612903225806,0.45161290322580644,0.5483870967741935,0.9354838709677419,39.0,17.0,,,,,0.0,90.0,7.0,7.8,0.0,7.8,4.650124290164565
2010-2011,Roma,29,17.0,27.75862068965517,29.352941176470587,0.13793103448275862,0.10344827586206896,0.4482758620689655,0.4482758620689655,0.896551724137931,57.0,33.0,,,,,0.0,84.0,9.0,12.2,0.0,12.2,4.396875289938405
2010-2011,Sampdoria,30,16.0,24.6,25.375,0.26666666666666666,0.06666666666666667,0.3333333333333333,0.4,0.9333333333333333,32.0,13.0,,,,,0.0,81.0,5.0,5.8,0.0,5.8,3.719473451796731
2010-2011,Udinese,24,14.0,24.666666666666668,25.083333333333332,0.375,0.08333333333333333,0.4583333333333333,0.4166666666666667,0.9166666666666666,65.0,41.0,,,,,0.0,78.0,6.0,15.0,0.0,15.0,4.536486541909668
2011-2012,Atalanta,30,15.0,27.3,26.428571428571427,0.16666666666666666,0.1,0.36666666666666664,0.5,0.9,39.0,22.0,,,,,0.0,101.0,4.0,8.6,0.0,8.6,4.379812623924642
2011-2012,Bologna,27,15.0,25.88888888888889,27.733333333333334,0.2222222222222222,0.07407407407407407,0.37037037037037035,0.5185185185185185,0.9259259259259259,41.0,25.0,,,,,0.0,98.0,4.0,10.2,0.0,10.2,4.585372506748064
2011-2012,Cagliari,25,17.0,25.2,26.058823529411764,0.28,0.08,0.36,0.44,0.92,35.0,20.0,,,,,0.0,82.0,2.0,7.6,0.0,7.6,4.031128874149275
2011-2012,Catania,33,13.0,26.515151515151516,26.923076923076923,0.12121212121212122,0.15151515151515152,0.30303030303030304,0.3939393939393939,0.8484848484848485,46.0,24.0,,,,,0.0,81.0,6.0,8.6,0.0,8.6,3.7426696030475033
2011-2012,Cesena,34,17.0,25.470588235294116,28.5,0.3235294117647059,0.058823529411764705,0.35294117647058826,0.38235294117647056,0.9411764705882353,23.0,10.0,,,,,0.0,101.0,9.0,4.6,0.0,4.6,5.615105677073752
2011-2012,Chievo,26,18.0,27.192307692307693,27.235294117647058,0.11538461538461539,0.07692307692307693,0.46153846153846156,0.38461538461538464,0.9230769230769231,35.0,22.0,,,,,0.0,83.0,1.0,8.2,0.0,8.2,4.20494214722848
2011-2012,Fiorentina,28,15.0,25.357142857142858,26.428571428571427,0.2857142857142857,0.07142857142857142,0.39285714285714285,0.5714285714285714,0.9285714285714286,36.0,22.0,,,,,0.0,94.0,3.0,8.0,0.0,8.0,4.531488887153044
2011-2012,Genoa,29,16.0,25.896551724137932,28.666666666666668,0.1724137931034483,0.034482758620689655,0.41379310344827586,0.6551724137931034,0.9655172413793104,49.0,29.0,,,,,0.0,95.0,11.0,10.4,0.0,10.4,4.378068944720842
2011-2012,Inter,30,18.0,26.866666666666667,28.9375,0.23333333333333334,0.06666666666666667,0.36666666666666664,0.5333333333333333,0.9333333333333333,57.0,39.0,,,,,0.0,65.0,4.0,11.4,0.0,11.4,5.544387241621698
2011-2012,Juventus,25,12.0,27.36,27.083333333333332,0.04,0.08,0.4,0.56,0.92,67.0,45.0,,,,,0.0,68.0,4.0,14.0,0.0,14.0,3.7846179904097768
2011-2012,Lazio,32,19.0,27.4375,29.352941176470587,0.15625,0.09375,0.4375,0.53125,0.90625,54.0,37.0,,,,,0.0,79.0,9.0,10.6,0.0,10.6,4.891978292358136
2011-2012,Lecce,31,18.0,26.096774193548388,27.705882352941178,0.22580645161290322,0.12903225806451613,0.3225806451612903,0.45161290322580644,0.8709677419354839,40.0,21.0,,,,,0.0,112.0,9.0,8.2,0.0,8.2,4.621362271810319
2011-2012,Milan,32,20.0,27.90625,29.0,0.15625,0.0625,0.40625,0.53125,0.9375,72.0,44.0,,,,,0.0,78.0,4.0,15.6,0.0,15.6,5.232401379247237
2011-2012,Napoli,25,14.0,27.4,28.0,0.16,0.08,0.4,0.56,0.92,65.0,40.0,,,,,0.0,78.0,4.0,15.4,0.0,15.4,4.12310562561766
2011-2012,Novara,32,19.0,27.25,28.58823529411765,0.21875,0.09375,0.40625,0.40625,0.90625,34.0,17.0,,,,,0.0,82.0,6.0,6.8,0.0,6.8,4.983844868915901
2011-2012,Palermo,30,18.0,25.1,26.11764705882353,0.3333333333333333,0.13333333333333333,0.4,0.4,0.8666666666666667,50.0,34.0,,,,,0.0,90.0,6.0,10.8,0.0,10.8,4.028775804479398
2011-2012,Parma,32,14.0,26.53125,28.071428571428573,0.15625,0.0625,0.40625,0.53125,0.9375,52.0,25.0,,,,,0.0,81.0,2.0,11.0,0.0,11.0,4.550677900581265
2011-2012,Roma,30,16.0,26.133333333333333,25.533333333333335,0.3333333333333333,0.1,0.36666666666666664,0.5666666666666667,0.9,59.0,40.0,,,,,0.0,78.0,10.0,12.0,0.0,12.0,5.506944414247268
2011-2012,Siena,29,15.0,27.551724137931036,27.933333333333334,0.10344827586206896,0.10344827586206896,0.3448275862068966,0.4482758620689655,0.896551724137931,45.0,20.0,,,,,0.0,96.0,2.0,8.4,0.0,8.4,3.439125791083623
2011-2012,Udinese,26,16.0,24.807692307692307,26.4375,0.3076923076923077,0.038461538461538464,0.5,0.5384615384615384,0.9615384615384616,51.0,35.0,,,,,0.0,88.0,3.0,12.0,0.0,12.0,3.6553438226162065
2012-2013,Atalanta,35,18.0,27.0,27.25,0.14285714285714285,0.05714285714285714,0.45714285714285713,0.45714285714285713,0.9428571428571428,38.0,25.0,,,,,0.0,120.0,12.0,8.6,0.0,8.6,4.345382945285314
2012-2013,Bologna,31,17.0,25.967741935483872,26.125,0.22580645161290322,0.0967741935483871,0.3548387096774194,0.45161290322580644,0.9032258064516129,45.0,28.0,,,,,0.0,103.0,3.0,10.4,0.0,10.4,4.061886843719652
2012-2013,Cagliari,25,18.0,25.24,25.72222222222222,0.2,0.08,0.36,0.48,0.92,41.0,27.0,,,,,0.0,112.0,9.0,8.4,0.0,8.4,4.176122603564219
2012-2013,Catania,29,14.0,25.79310344827586,27.714285714285715,0.1724137931034483,0.06896551724137931,0.3103448275862069,0.4827586206896552,0.9310344827586207,50.0,38.0,,,,,0.0,95.0,7.0,13.4,0.0,13.4,4.320873839736154
2012-2013,Chievo,35,17.0,27.142857142857142,28.823529411764707,0.22857142857142856,0.08571428571428572,0.34285714285714286,0.45714285714285713,0.9142857142857143,37.0,24.0,,,,,0.0,102.0,4.0,7.2,0.0,7.2,5.456474066986618
2012-2013,Fiorentina,30,14.0,25.766666666666666,26.307692307692307,0.23333333333333334,0.1,0.4,0.4666666666666667,0.9,70.0,56.0,,,,,0.0,91.0,3.0,14.6,0.0,14.6,4.207409993163813
2012-2013,Genoa,37,17.0,26.16216216216216,27.529411764705884,0.24324324324324326,0.08108108108108109,0.3783783783783784,0.5135135135135135,0.918918918918919,38.0,31.0,,,,,0.0,106.0,4.0,8.4,0.0,8.4,4.543087016516372
2012-2013,Inter,36,16.0,25.86111111111111,27.733333333333334,0.3055555555555556,0.08333333333333333,0.3333333333333333,0.6388888888888888,0.9166666666666666,52.0,42.0,,,,,0.0,84.0,4.0,11.6,0.0,11.6,5.851264956169869
2012-2013,Juventus,28,17.0,27.178571428571427,26.866666666666667,0.10714285714285714,0.10714285714285714,0.42857142857142855,0.4642857142857143,0.8928571428571429,71.0,49.0,,,,,0.0,77.0,1.0,14.6,0.0,14.6,4.172694053171843
2012-2013,Lazio,28,15.0,28.321428571428573,29.133333333333333,0.10714285714285714,0.07142857142857142,0.4642857142857143,0.6071428571428571,0.9285714285714286,48.0,30.0,,,,,0.0,89.0,8.0,11.4,0.0,11.4,5.048311572738923
2012-2013,Milan,29,20.0,26.551724137931036,27.22222222222222,0.20689655172413793,0.06896551724137931,0.4482758620689655,0.5862068965517241,0.9310344827586207,64.0,36.0,,,,,0.0,100.0,7.0,12.8,0.0,12.8,4.64132221690999
2012-2013,Napoli,27,14.0,27.555555555555557,28.0,0.14814814814814814,0.07407407407407407,0.5185185185185185,0.5925925925925926,0.9259259259259259,72.0,55.0,,,,,0.0,87.0,0.0,18.2,0.0,18.2,4.281744192888377
2012-2013,Palermo,36,16.0,26.11111111111111,27.2,0.2222222222222222,0.08333333333333333,0.3333333333333333,0.5277777777777778,0.9166666666666666,34.0,26.0,,,,,0.0,97.0,8.0,8.0,0.0,8.0,4.578070571619682
2012-2013,Parma,33,14.0,25.90909090909091,27.642857142857142,0.2727272727272727,0.09090909090909091,0.3333333333333333,0.6060606060606061,0.9090909090909091,44.0,29.0,,,,,0.0,110.0,3.0,9.4,0.0,9.4,5.039615786220937
2012-2013,Pescara,39,21.0,24.63157894736842,25.105263157894736,0.41025641025641024,0.05128205128205128,0.3333333333333333,0.46153846153846156,0.8974358974358975,28.0,15.0,,,,,0.0,97.0,9.0,4.2,0.0,4.2,5.474368050072347
2012-2013,Roma,24,17.0,25.333333333333332,25.058823529411764,0.375,0.125,0.5416666666666666,0.4583333333333333,0.875,68.0,43.0,,,,,0.0,95.0,8.0,15.4,0.0,15.4,5.442718843169937
2012-2013,Sampdoria,29,16.0,25.20689655172414,24.5625,0.2413793103448276,0.10344827586206896,0.3448275862068966,0.4827586206896552,0.896551724137931,41.0,29.0,,,,,0.0,87.0,9.0,8.0,0.0,8.0,3.6779197375770876
2012-2013,Siena,37,16.0,27.27027027027027,28.333333333333332,0.05405405405405406,0.02702702702702703,0.40540540540540543,0.4864864864864865,0.972972972972973,35.0,28.0,,,,,0.0,99.0,6.0,6.6,0.0,6.6,4.032153054914739
2012-2013,Torino,29,16.0,25.896551724137932,27.375,0.2413793103448276,0.06896551724137931,0.27586206896551724,0.5172413793103449,0.9310344827586207,45.0,32.0,,,,,0.0,83.0,5.0,9.4,0.0,9.4,4.530411740876531
2012-2013,Udinese,30,18.0,24.733333333333334,25.764705882352942,0.36666666666666664,0.06666666666666667,0.4666666666666667,0.5333333333333333,0.9333333333333333,59.0,37.0,,,,,0.0,88.0,6.0,11.6,0.0,11.6,3.9734752732496563
2013-2014,Atalanta,31,15.0,26.387096774193548,28.4,0.25806451612903225,0.06451612903225806,0.45161290322580644,0.4838709677419355,0.9354838709677419,43.0,32.0,,,,,0.0,89.0,6.0,10.4,0.0,10.4,5.289470164738233
2013-2014,Bologna,28,16.0,26.928571428571427,28.125,0.17857142857142858,0.07142857142857142,0.35714285714285715,0.39285714285714285,0.9285714285714286,28.0,12.0,,,,,0.0,102.0,4.0,5.4,0.0,5.4,3.962122246777944
2013-2014,Cagliari,31,19.0,24.838709677419356,27.11111111111111,0.25806451612903225,0.12903225806451613,0.3548387096774194,0.4838709677419355,0.8709677419354839,34.0,21.0,,,,,0.0,104.0,7.0,7.2,0.0,7.2,4.740582061263141
2013-2014,Catania,34,22.0,25.08823529411765,27.0,0.38235294117647056,0.058823529411764705,0.29411764705882354,0.5294117647058824,0.9411764705882353,34.0,23.0,,,,,0.0,100.0,8.0,7.6,0.0,7.6,4.956585133474785
2013-2014,Chievo,36,15.0,26.88888888888889,28.642857142857142,0.1388888888888889,0.08333333333333333,0.4166666666666667,0.5,0.9166666666666666,33.0,24.0,,,,,0.0,104.0,3.0,7.4,0.0,7.4,4.646213682914464
2013-2014,Fiorentina,31,17.0,26.161290322580644,27.9375,0.25806451612903225,0.06451612903225806,0.3548387096774194,0.6129032258064516,0.9354838709677419,65.0,41.0,,,,,0.0,86.0,4.0,13.0,0.0,13.0,4.227661088541736
2013-2014,Genoa,31,18.0,26.870967741935484,26.764705882352942,0.3225806451612903,0.06451612903225806,0.3870967741935484,0.5483870967741935,0.9354838709677419,39.0,23.0,,,,,0.0,99.0,5.0,6.4,0.0,6.4,4.951376478541908
2013-2014,Hellas,29,18.0,26.344827586206897,27.88235294117647,0.27586206896551724,0.06896551724137931,0.41379310344827586,0.41379310344827586,0.9310344827586207,60.0,38.0,,,,,0.0,71.0,5.0,14.6,0.0,14.6,4.669627256988702
2013-2014,Inter,28,17.0,26.5,26.58823529411765,0.25,0.07142857142857142,0.42857142857142855,0.5,0.9285714285714286,59.0,48.0,,,,,0.0,73.0,3.0,13.6,0.0,13.6,5.392038026022635
2013-2014,Juventus,26,15.0,28.153846153846153,27.785714285714285,0.038461538461538464,0.11538461538461539,0.46153846153846156,0.4230769230769231,0.8846153846153846,78.0,54.0,,,,,0.0,69.0,2.0,17.6,0.0,17.6,3.460546866520466
2013-2014,Lazio,30,18.0,26.166666666666668,27.72222222222222,0.3,0.06666666666666667,0.4,0.5666666666666667,0.9333333333333333,51.0,30.0,,,,,0.0,90.0,9.0,10.2,0.0,10.2,5.527881263591668
2013-2014,Livorno,31,18.0,25.433333333333334,25.555555555555557,0.3548387096774194,0.0967741935483871,0.3548387096774194,0.4838709677419355,0.8387096774193549,37.0,23.0,,,,,0.0,112.0,5.0,8.8,0.0,8.8,5.302460933757361
2013-2014,Milan,32,19.0,26.125,27.27777777777778,0.25,0.09375,0.40625,0.53125,0.90625,55.0,33.0,,,,,0.0,91.0,7.0,10.4,0.0,10.4,4.563176595877184
2013-2014,Napoli,30,18.0,26.4,26.764705882352942,0.26666666666666666,0.13333333333333333,0.4666666666666667,0.5333333333333333,0.8666666666666667,76.0,51.0,,,,,0.0,76.0,4.0,17.0,0.0,17.0,4.438079733864403
2013-2014,Parma,30,15.0,27.266666666666666,29.466666666666665,0.23333333333333334,0.1,0.36666666666666664,0.5666666666666667,0.9,56.0,38.0,,,,,0.0,100.0,8.0,11.2,0.0,11.2,5.238671411810397
2013-2014,Roma,29,16.0,25.551724137931036,26.466666666666665,0.3793103448275862,0.06896551724137931,0.5862068965517241,0.4827586206896552,0.9310344827586207,70.0,51.0,,,,,0.0,87.0,5.0,15.2,0.0,15.2,5.474526769480051
2013-2014,Sampdoria,33,13.0,24.87878787878788,24.833333333333332,0.3333333333333333,0.06060606060606061,0.36363636363636365,0.5454545454545454,0.9393939393939394,46.0,29.0,,,,,0.0,110.0,10.0,9.6,0.0,9.6,4.044730953332803
2013-2014,Sassuolo,38,19.0,25.605263157894736,26.11111111111111,0.2631578947368421,0.07894736842105263,0.4473684210526316,0.3684210526315789,0.9210526315789473,43.0,25.0,,,,,0.0,99.0,5.0,10.8,0.0,10.8,4.60046691921833
2013-2014,Torino,26,15.0,26.346153846153847,26.071428571428573,0.19230769230769232,0.07692307692307693,0.38461538461538464,0.5384615384615384,0.9230769230769231,57.0,35.0,,,,,0.0,92.0,2.0,13.6,0.0,13.6,3.80465302168077
2013-2014,Udinese,27,18.0,24.59259259259259,25.058823529411764,0.48148148148148145,0.1111111111111111,0.4444444444444444,0.5185185185185185,0.8888888888888888,45.0,25.0,,,,,0.0,85.0,2.0,9.0,0.0,9.0,5.047918529600244
2014-2015,Atalanta,36,17.0,26.75,28.5625,0.3333333333333333,0.1111111111111111,0.5277777777777778,0.4722222222222222,0.8888888888888888,37.0,21.0,,,,,0.0,113.0,9.0,6.8,0.0,6.8,5.96836900429494
2014-2015,Cagliari,32,19.0,23.6875,25.36842105263158,0.4375,0.125,0.3125,0.5,0.875,45.0,31.0,,,,,0.0,115.0,6.0,8.4,0.0,8.4,4.4680767313710446
2014-2015,Cesena,38,16.0,25.07894736842105,26.6,0.34210526315789475,0.10526315789473684,0.2631578947368421,0.47368421052631576,0.8947368421052632,34.0,23.0,,,,,0.0,108.0,4.0,8.2,0.0,8.2,5.4791081289792904
2014-2015,Chievo,33,16.0,26.606060606060606,28.571428571428573,0.18181818181818182,0.09090909090909091,0.3939393939393939,0.5454545454545454,0.9090909090909091,27.0,20.0,,,,,0.0,87.0,3.0,7.0,0.0,7.0,4.616136059651201
2014-2015,Empoli,36,15.0,23.36111111111111,24.8,0.5277777777777778,0.1388888888888889,0.3888888888888889,0.4166666666666667,0.8611111111111112,43.0,35.0,,,,,0.0,64.0,4.0,9.0,0.0,9.0,5.372696996469559
2014-2015,Fiorentina,36,19.0,26.97222222222222,27.5,0.16666666666666666,0.16666666666666666,0.3888888888888889,0.5,0.8333333333333334,61.0,41.0,,,,,0.0,86.0,3.0,9.0,0.0,9.0,4.365357855474074
2014-2015,Genoa,41,17.0,23.73170731707317,25.066666666666666,0.4146341463414634,0.0975609756097561,0.3902439024390244,0.5609756097560976,0.9024390243902439,58.0,41.0,,,,,0.0,109.0,6.0,11.8,0.0,11.8,4.56631355824314
2014-2015,Hellas,36,21.0,25.88888888888889,29.1,0.3333333333333333,0.1388888888888889,0.3888888888888889,0.3888888888888889,0.8611111111111112,48.0,35.0,,,,,0.0,101.0,7.0,11.2,0.0,11.2,5.77570170271372
2014-2015,Inter,38,15.0,24.157894736842106,25.857142857142858,0.39473684210526316,0.07894736842105263,0.42105263157894735,0.47368421052631576,0.9210526315789473,58.0,36.0,,,,,0.0,99.0,5.0,14.4,0.0,14.4,5.149265577596498
2014-2015,Juventus,34,16.0,26.0,28.333333333333332,0.29411764705882354,0.17647058823529413,0.4411764705882353,0.47058823529411764,0.8235294117647058,71.0,44.0,,,,,0.0,76.0,4.0,14.2,0.0,14.2,5.913518155015419
2014-2015,Lazio,35,17.0,25.542857142857144,27.75,0.34285714285714286,0.11428571428571428,0.42857142857142855,0.5142857142857142,0.8857142857142857,70.0,47.0,,,,,0.0,113.0,9.0,15.4,0.0,15.4,5.1980927336117135
2014-2015,Milan,46,19.0,24.347826086956523,27.0,0.41304347826086957,0.10869565217391304,0.41304347826086957,0.5652173913043478,0.8913043478260869,54.0,33.0,,,,,0.0,93.0,13.0,10.6,0.0,10.6,5.812696415049265
2014-2015,Napoli,29,17.0,26.03448275862069,26.58823529411765,0.1724137931034483,0.13793103448275862,0.41379310344827586,0.5172413793103449,0.8620689655172413,65.0,41.0,,,,,0.0,85.0,6.0,15.4,0.0,15.4,4.491919400599017
2014-2015,Palermo,35,17.0,24.62857142857143,26.647058823529413,0.3142857142857143,0.08571428571428572,0.45714285714285713,0.4857142857142857,0.9428571428571428,52.0,34.0,,,,,0.0,90.0,3.0,13.4,0.0,13.4,4.352725409142525
2014-2015,Parma,52,20.0,24.66,27.789473684210527,0.36538461538461536,0.1346153846153846,0.34615384615384615,0.4807692307692308,0.8269230769230769,31.0,20.0,,,,,0.0,109.0,7.0,5.0,0.0,5.0,5.396937907323949
2014-2015,Roma,39,17.0,25.71794871794872,28.352941176470587,0.3076923076923077,0.1282051282051282,0.41025641025641024,0.41025641025641024,0.8717948717948718,53.0,40.0,,,,,0.0,108.0,5.0,11.0,0.0,11.0,5.866715740194706
2014-2015,Sampdoria,38,17.0,24.57894736842105,25.75,0.39473684210526316,0.13157894736842105,0.3157894736842105,0.42105263157894735,0.868421052631579,46.0,30.0,,,,,0.0,102.0,3.0,8.4,0.0,8.4,4.409029916882608
2014-2015,Sassuolo,39,17.0,25.17948717948718,26.875,0.41025641025641024,0.1282051282051282,0.3333333333333333,0.38461538461538464,0.8717948717948718,47.0,30.0,,,,,0.0,110.0,9.0,12.0,0.0,12.0,6.016957593124859
2014-2015,Torino,36,16.0,26.166666666666668,27.6875,0.3055555555555556,0.1388888888888889,0.3611111111111111,0.4722222222222222,0.8611111111111112,48.0,32.0,,,,,0.0,99.0,3.0,9.4,0.0,9.4,5.744562646538029
2014-2015,Udinese,40,16.0,23.4,27.0,0.475,0.125,0.375,0.425,0.875,41.0,27.0,,,,,0.0,100.0,6.0,9.4,0.0,9.4,5.555316234161514
2015-2016,Atalanta,40,19.0,25.875,27.875,0.325,0.1,0.425,0.525,0.9,38.0,23.0,,,,,0.0,113.0,14.0,7.2,0.0,7.2,5.2924111125852065
2015-2016,Bologna,37,18.0,25.16216216216216,26.11764705882353,0.40540540540540543,0.10810810810810811,0.40540540540540543,0.4864864864864865,0.8918918918918919,33.0,22.0,,,,,0.0,98.0,7.0,7.0,0.0,7.0,5.595203866375765
2015-2016,Carpi,41,16.0,24.975609756097562,25.0,0.2926829268292683,0.12195121951219512,0.3902439024390244,0.5853658536585366,0.8780487804878049,33.0,22.0,,,,,0.0,114.0,6.0,6.0,0.0,6.0,3.9082464410400783
2015-2016,Chievo,33,16.0,27.78787878787879,29.4,0.21212121212121213,0.12121212121212122,0.3939393939393939,0.5151515151515151,0.8787878787878788,42.0,28.0,,,,,0.0,108.0,4.0,9.2,0.0,9.2,5.935894918615767
2015-2016,Empoli,38,14.0,23.18421052631579,25.923076923076923,0.4473684210526316,0.13157894736842105,0.34210526315789475,0.5789473684210527,0.868421052631579,39.0,29.0,,,,,0.0,99.0,6.0,11.0,0.0,11.0,4.881599555960226
2015-2016,Fiorentina,32,16.0,25.75,26.75,0.28125,0.125,0.34375,0.5625,0.875,58.0,38.0,,,,,0.0,97.0,3.0,11.2,0.0,11.2,4.340358242981719
2015-2016,Frosinone,31,19.0,25.870967741935484,25.894736842105264,0.22580645161290322,0.12903225806451613,0.41935483870967744,0.41935483870967744,0.8709677419354839,34.0,22.0,,,,,0.0,111.0,6.0,7.4,0.0,7.4,3.7035292670988933
2015-2016,Genoa,45,16.0,23.622222222222224,25.9375,0.4222222222222222,0.1111111111111111,0.4,0.5111111111111111,0.8888888888888888,44.0,35.0,,,,,0.0,88.0,9.0,9.2,0.0,9.2,4.881732595228167
2015-2016,Hellas,41,19.0,25.097560975609756,27.38888888888889,0.4146341463414634,0.12195121951219512,0.43902439024390244,0.5365853658536586,0.8780487804878049,34.0,23.0,,,,,0.0,95.0,7.0,6.6,0.0,6.6,6.04898701457021
2015-2016,Inter,42,18.0,24.024390243902438,26.055555555555557,0.38095238095238093,0.11904761904761904,0.5,0.4523809523809524,0.8809523809523809,49.0,35.0,,,,,0.0,104.0,12.0,11.2,0.0,11.2,4.886142675352659
2015-2016,Juventus,33,17.0,25.636363636363637,27.4375,0.36363636363636365,0.12121212121212122,0.45454545454545453,0.48484848484848486,0.8787878787878788,72.0,54.0,,,,,0.0,96.0,6.0,17.0,0.0,17.0,5.395705362937859
2015-2016,Lazio,37,19.0,24.7027027027027,27.0,0.4864864864864865,0.10810810810810811,0.43243243243243246,0.43243243243243246,0.8918918918918919,52.0,31.0,,,,,0.0,108.0,10.0,10.2,0.0,10.2,5.537071352182412
2015-2016,Milan,39,15.0,25.153846153846153,25.8,0.38461538461538464,0.10256410256410256,0.38461538461538464,0.5384615384615384,0.8974358974358975,49.0,28.0,,,,,0.0,97.0,3.0,10.2,0.0,10.2,5.724087891204572
2015-2016,Napoli,27,11.0,25.14814814814815,25.818181818181817,0.18518518518518517,0.1111111111111111,0.48148148148148145,0.5555555555555556,0.8888888888888888,78.0,56.0,,,,,0.0,72.0,2.0,20.2,0.0,20.2,3.591696660393928
2015-2016,Palermo,39,17.0,23.58974358974359,25.733333333333334,0.48717948717948717,0.1282051282051282,0.358974358974359,0.5384615384615384,0.8717948717948718,37.0,31.0,,,,,0.0,103.0,6.0,8.8,0.0,8.8,4.9985152991344854
2015-2016,Roma,44,16.0,24.0,26.5,0.45454545454545453,0.09090909090909091,0.38636363636363635,0.5227272727272727,0.9090909090909091,83.0,55.0,,,,,0.0,85.0,5.0,15.2,0.0,15.2,6.096129156905587
2015-2016,Sampdoria,40,19.0,25.35,26.736842105263158,0.25,0.075,0.375,0.45,0.925,45.0,30.0,,,,,0.0,110.0,7.0,10.0,0.0,10.0,4.927942307354601
2015-2016,Sassuolo,34,15.0,24.647058823529413,25.8,0.38235294117647056,0.08823529411764706,0.4117647058823529,0.4411764705882353,0.9117647058823529,48.0,33.0,,,,,0.0,98.0,6.0,9.4,0.0,9.4,5.793843927047085
2015-2016,Torino,33,18.0,25.87878787878788,27.25,0.2727272727272727,0.09090909090909091,0.3939393939393939,0.45454545454545453,0.9090909090909091,49.0,29.0,,,,,0.0,98.0,3.0,8.6,0.0,8.6,5.792007293231638
2015-2016,Udinese,40,17.0,25.35,27.25,0.35,0.1,0.375,0.5,0.9,34.0,23.0,,,,,0.0,105.0,7.0,8.4,0.0,8.4,5.385402872818718
2016-2017,Atalanta,38,12.0,24.81578947368421,24.75,0.39473684210526316,0.15789473684210525,0.4473684210526316,0.47368421052631576,0.8421052631578947,62.0,43.0,,,,,0.0,89.0,3.0,13.8,0.0,13.8,5.34160246812263
2016-2017,Bologna,42,19.0,23.666666666666668,25.833333333333332,0.5238095238095238,0.14285714285714285,0.35714285714285715,0.4523809523809524,0.8571428571428571,39.0,29.0,,,,,0.0,87.0,11.0,9.6,0.0,9.6,5.633811977548947
2016-2017,Cagliari,44,17.0,24.0,28.352941176470587,0.4318181818181818,0.1590909090909091,0.4090909090909091,0.4318181818181818,0.8409090909090909,53.0,30.0,,,,,0.0,103.0,8.0,11.0,0.0,11.0,6.495078637832487
2016-2017,Chievo,38,17.0,26.210526315789473,31.470588235294116,0.39473684210526316,0.10526315789473684,0.39473684210526316,0.42105263157894735,0.8947368421052632,42.0,29.0,,,,,0.0,88.0,4.0,11.0,0.0,11.0,7.23040836474057
2016-2017,Crotone,35,14.0,24.147058823529413,25.142857142857142,0.3142857142857143,0.11428571428571428,0.3142857142857143,0.5428571428571428,0.8571428571428571,34.0,22.0,,,,,0.0,93.0,4.0,7.4,0.0,7.4,4.49331053591809
2016-2017,Empoli,40,17.0,23.8,26.666666666666668,0.45,0.1,0.3,0.575,0.9,29.0,19.0,,,,,0.0,106.0,2.0,5.2,0.0,5.2,5.65776072401939
2016-2017,Fiorentina,38,17.0,23.473684210526315,26.294117647058822,0.4473684210526316,0.18421052631578946,0.34210526315789475,0.4473684210526316,0.8157894736842105,62.0,46.0,,,,,0.0,97.0,7.0,12.6,0.0,12.6,5.012076454331905
2016-2017,Genoa,44,17.0,24.931818181818183,26.285714285714285,0.36363636363636365,0.11363636363636363,0.4090909090909091,0.45454545454545453,0.8863636363636364,36.0,30.0,,,,,0.0,97.0,8.0,6.4,0.0,6.4,5.137177431836802
2016-2017,Inter,37,17.0,25.16216216216216,26.58823529411765,0.2972972972972973,0.10810810810810811,0.5135135135135135,0.4594594594594595,0.8918918918918919,70.0,55.0,,,,,0.0,80.0,5.0,18.2,0.0,18.2,5.139787682134099
2016-2017,Juventus,33,18.0,26.060606060606062,28.72222222222222,0.3333333333333333,0.15151515151515152,0.42424242424242425,0.5454545454545454,0.8484848484848485,72.0,49.0,,,,,0.0,70.0,0.0,15.4,0.0,15.4,5.673069021368603
2016-2017,Lazio,39,16.0,22.710526315789473,25.928571428571427,0.5641025641025641,0.1282051282051282,0.358974358974359,0.48717948717948717,0.8461538461538461,73.0,47.0,,,,,0.0,96.0,4.0,16.2,0.0,16.2,4.483651351882159
2016-2017,Milan,40,19.0,24.075,24.473684210526315,0.475,0.15,0.3,0.6,0.85,55.0,39.0,,,,,0.0,97.0,14.0,11.2,0.0,11.2,5.685733383000305
2016-2017,Napoli,34,15.0,24.764705882352942,26.642857142857142,0.35294117647058826,0.08823529411764706,0.4117647058823529,0.5,0.9117647058823529,94.0,68.0,,,,,0.0,58.0,2.0,25.0,0.0,25.0,4.390477460950673
2016-2017,Palermo,36,16.0,23.5,26.0,0.4722222222222222,0.1388888888888889,0.3888888888888889,0.4444444444444444,0.8888888888888888,33.0,24.0,,,,,0.0,106.0,9.0,7.8,0.0,7.8,4.84325746343748
2016-2017,Pescara,46,16.0,23.97826086956522,26.153846153846153,0.4782608695652174,0.08695652173913043,0.34782608695652173,0.5652173913043478,0.9130434782608695,32.0,27.0,,,,,0.0,98.0,5.0,7.2,0.0,7.2,6.492693775604091
2016-2017,Roma,39,15.0,23.28205128205128,25.933333333333334,0.46153846153846156,0.15384615384615385,0.41025641025641024,0.46153846153846156,0.8461538461538461,88.0,59.0,,,,,0.0,63.0,1.0,20.8,0.0,20.8,5.651961550269251
2016-2017,Sampdoria,39,16.0,23.487179487179485,25.75,0.5128205128205128,0.1794871794871795,0.28205128205128205,0.4358974358974359,0.8205128205128205,45.0,31.0,,,,,0.0,75.0,5.0,11.6,0.0,11.6,5.4766095681245535
2016-2017,Sassuolo,40,19.0,24.125,26.0,0.475,0.15,0.325,0.525,0.85,59.0,36.0,,,,,0.0,92.0,2.0,11.8,0.0,11.8,5.906048616157021
2016-2017,Torino,40,15.0,24.45,25.866666666666667,0.425,0.175,0.3,0.55,0.825,70.0,54.0,,,,,0.0,88.0,4.0,18.0,0.0,18.0,5.3202564040775515
2016-2017,Udinese,40,14.0,23.2,26.53846153846154,0.525,0.125,0.35,0.575,0.875,47.0,29.0,,,,,0.0,85.0,2.0,9.6,0.0,9.6,5.209458852746756
2017-2018,Atalanta,34,15.0,22.647058823529413,25.266666666666666,0.5,0.08823529411764706,0.35294117647058826,0.47058823529411764,0.9117647058823529,57.0,38.0,65.69999999999999,,0.1576043499120422,,4753.0,67.0,4.0,11.6,0.0,11.6,3.95338254050711
2017-2018,Benevento,48,23.0,24.27659574468085,25.714285714285715,0.3125,0.10416666666666667,0.3541666666666667,0.4583333333333333,0.875,32.0,23.0,38.9,,0.09372741145289534,,3193.0,78.0,7.0,6.2,0.0,6.2,4.633067007743614
2017-2018,Bologna,38,16.0,24.5,26.642857142857142,0.39473684210526316,0.13157894736842105,0.39473684210526316,0.39473684210526316,0.868421052631579,37.0,18.0,37.5,,0.08997600639829378,,3262.0,102.0,6.0,7.6,0.0,7.6,5.300433434597079
2017-2018,Cagliari,37,15.0,24.2972972972973,27.0,0.40540540540540543,0.13513513513513514,0.40540540540540543,0.3783783783783784,0.8648648648648649,33.0,21.0,40.099999999999994,,0.09610417276915292,,3138.0,96.0,6.0,7.4,0.0,7.4,5.9668755310969575
2017-2018,Chievo,30,18.0,26.766666666666666,29.058823529411764,0.3333333333333333,0.13333333333333333,0.3333333333333333,0.43333333333333335,0.8666666666666667,36.0,20.0,34.3,,0.08224323964299986,,3260.0,75.0,4.0,7.8,0.0,7.8,6.636800918875117
2017-2018,Crotone,38,17.0,23.105263157894736,25.133333333333333,0.39473684210526316,0.13157894736842105,0.2631578947368421,0.42105263157894735,0.868421052631579,38.0,21.0,35.599999999999994,,0.08538762892092848,,2958.0,67.0,2.0,7.0,0.0,7.0,4.379247582443325
2017-2018,Fiorentina,35,14.0,22.942857142857143,25.153846153846153,0.45714285714285713,0.11428571428571428,0.34285714285714286,0.4,0.8857142857142857,53.0,32.0,54.699999999999996,,0.1314622943815424,,4115.0,90.0,5.0,10.4,0.0,10.4,4.4914484572014715
2017-2018,Genoa,38,17.0,25.657894736842106,28.176470588235293,0.18421052631578946,0.07894736842105263,0.42105263157894735,0.4473684210526316,0.9210526315789473,31.0,18.0,44.5,,0.10620243430298852,,3632.0,76.0,5.0,5.4,0.0,5.4,4.81145208058392
2017-2018,Hellas,38,19.0,24.36842105263158,25.5,0.39473684210526316,0.10526315789473684,0.3684210526315789,0.5,0.8947368421052632,30.0,19.0,34.3,,0.0821578751264172,,2777.0,99.0,6.0,5.2,0.0,5.2,5.095949916124854
2017-2018,Inter,32,13.0,25.21875,26.76923076923077,0.28125,0.125,0.375,0.40625,0.875,64.0,34.0,58.1,,0.13926174496644297,,4690.0,69.0,1.0,14.4,0.0,14.4,5.040061283549584
2017-2018,Juventus,30,18.0,26.3,29.352941176470587,0.23333333333333334,0.16666666666666666,0.3333333333333333,0.43333333333333335,0.8333333333333334,82.0,45.0,56.2,,0.13462869310620176,,4181.0,66.0,1.0,16.6,0.0,16.6,5.553191067708975
2017-2018,Lazio,32,14.0,24.75,25.76923076923077,0.375,0.09375,0.4375,0.46875,0.90625,86.0,51.0,64.5,,0.15463505594033033,,4497.0,79.0,7.0,18.6,0.0,18.6,4.493723221015817
2017-2018,Milan,35,17.0,23.82857142857143,25.294117647058822,0.45714285714285713,0.14285714285714285,0.4,0.34285714285714286,0.8571428571428571,54.0,28.0,52.400000000000006,,0.12580025608194623,,4802.0,75.0,7.0,10.8,0.0,10.8,5.549169064907319
2017-2018,Napoli,28,13.0,25.892857142857142,27.384615384615383,0.21428571428571427,0.10714285714285714,0.39285714285714285,0.35714285714285715,0.8928571428571429,73.0,45.0,68.4,,0.164094362255098,,5889.0,58.0,3.0,16.0,0.0,16.0,4.43336913698396
2017-2018,Roma,37,17.0,24.054054054054053,27.0625,0.4594594594594595,0.10810810810810811,0.4594594594594595,0.2702702702702703,0.8918918918918919,56.0,37.0,64.69999999999999,,0.15526343856655286,,4893.0,48.0,4.0,11.8,0.0,11.8,5.507297915523576
2017-2018,SPAL,40,16.0,24.75,25.733333333333334,0.425,0.125,0.475,0.325,0.875,37.0,14.0,36.099999999999994,,0.08658920100207877,,3122.0,101.0,4.0,7.0,0.0,7.0,5.395867364510049
2017-2018,Sampdoria,36,16.0,24.13888888888889,26.6,0.4166666666666667,0.16666666666666666,0.3333333333333333,0.3888888888888889,0.8333333333333334,56.0,33.0,53.9,,0.1293393057110862,,3855.0,69.0,3.0,12.4,0.0,12.4,5.216198822776041
2017-2018,Sassuolo,33,16.0,24.848484848484848,26.692307692307693,0.3939393939393939,0.09090909090909091,0.36363636363636365,0.36363636363636365,0.9090909090909091,28.0,16.0,48.400000000000006,,0.11609808102345416,,3601.0,89.0,7.0,5.8,0.0,5.8,5.75065872379641
2017-2018,Torino,39,15.0,23.435897435897434,28.066666666666666,0.5641025641025641,0.10256410256410256,0.358974358974359,0.358974358974359,0.8974358974358975,53.0,36.0,46.9,,0.11232636116876896,,3533.0,76.0,7.0,12.8,0.0,12.8,5.325187774276983
2017-2018,Udinese,39,16.0,23.05128205128205,26.0,0.5641025641025641,0.1282051282051282,0.358974358974359,0.41025641025641024,0.8717948717948718,45.0,27.0,43.9,,0.10524212881572638,,3320.0,72.0,4.0,9.8,0.0,9.8,5.679829120616765
2018-2019,Atalanta,34,16.0,23.08823529411765,26.1875,0.4411764705882353,0.08823529411764706,0.4411764705882353,0.4117647058823529,0.9117647058823529,75.0,60.0,74.0,,0.17711823839157492,,4972.0,62.0,3.0,17.0,0.0,17.0,4.287880362552698
2018-2019,Bologna,32,19.0,25.28125,25.88888888888889,0.3125,0.125,0.375,0.28125,0.875,45.0,35.0,47.7,,0.11437629882240104,,3315.0,91.0,6.0,9.4,0.0,9.4,4.657525128496962
2018-2019,Cagliari,38,16.0,26.157894736842106,27.466666666666665,0.3684210526315789,0.10526315789473684,0.34210526315789475,0.4473684210526316,0.8947368421052632,35.0,27.0,42.8,,0.1025914187551602,,3125.0,94.0,9.0,7.8,0.0,7.8,5.706924744788059
2018-2019,Chievo,38,16.0,25.657894736842106,29.0625,0.3684210526315789,0.13157894736842105,0.39473684210526316,0.3684210526315789,0.868421052631579,25.0,17.0,36.7,,0.08824236595335418,,2946.0,110.0,7.0,5.0,0.0,5.0,6.711330942193748
2018-2019,Empoli,42,18.0,23.952380952380953,25.8125,0.40476190476190477,0.14285714285714285,0.38095238095238093,0.3333333333333333,0.8809523809523809,48.0,36.0,53.5,,0.1280653226235438,,3924.0,73.0,3.0,10.4,0.0,10.4,5.198275422054008
2018-2019,Fiorentina,36,15.0,22.52777777777778,23.928571428571427,0.5277777777777778,0.1388888888888889,0.3333333333333333,0.4166666666666667,0.8611111111111112,45.0,24.0,55.5,,0.13317159006078705,,3876.0,89.0,5.0,8.0,0.0,8.0,4.404453013622276
2018-2019,Frosinone,40,18.0,24.9,26.0,0.275,0.125,0.325,0.475,0.875,28.0,21.0,39.5,,0.09472422062350119,,2947.0,99.0,2.0,6.6,0.0,6.6,4.661902329879223
2018-2019,Genoa,39,17.0,24.487179487179485,26.25,0.41025641025641024,0.1282051282051282,0.358974358974359,0.46153846153846156,0.8717948717948718,37.0,26.0,47.900000000000006,,0.11556401458288657,,3225.0,95.0,7.0,8.2,0.0,8.2,5.134362026026699
2018-2019,Inter,27,16.0,26.51851851851852,27.1875,0.14814814814814814,0.1111111111111111,0.3333333333333333,0.37037037037037035,0.8888888888888888,57.0,36.0,65.1,,0.15577061122484245,,4778.0,73.0,3.0,10.8,0.0,10.8,4.90188637449809
2018-2019,Juventus,36,16.0,24.944444444444443,27.4375,0.3611111111111111,0.1111111111111111,0.3611111111111111,0.4166666666666667,0.8888888888888888,66.0,44.0,62.6,,0.15009590792838876,,4612.0,76.0,4.0,13.4,0.0,13.4,5.575171717762573
2018-2019,Lazio,41,17.0,23.878048780487806,26.941176470588236,0.4146341463414634,0.12195121951219512,0.4878048780487805,0.36585365853658536,0.8780487804878049,54.0,35.0,61.5,,0.14745843989769822,,4371.0,89.0,4.0,11.8,0.0,11.8,5.496340245796376
2018-2019,Milan,36,17.0,24.305555555555557,24.625,0.3611111111111111,0.1388888888888889,0.3611111111111111,0.4444444444444444,0.8611111111111112,51.0,35.0,49.2,,0.11786626916524702,,4323.0,80.0,5.0,10.2,0.0,10.2,4.785809049049937
2018-2019,Napoli,31,17.0,24.516129032258064,26.88235294117647,0.3548387096774194,0.22580645161290322,0.3225806451612903,0.41935483870967744,0.7741935483870968,73.0,54.0,62.300000000000004,,0.14948810920336997,,5105.0,72.0,5.0,17.0,0.0,17.0,4.7319549711997855
2018-2019,Parma,38,17.0,25.5,29.5625,0.3684210526315789,0.10526315789473684,0.23684210526315788,0.5263157894736842,0.8947368421052632,40.0,22.0,41.5,,0.0994408945686901,,2456.0,82.0,3.0,7.8,0.0,7.8,6.158931111193925
2018-2019,Roma,35,18.0,24.142857142857142,26.72222222222222,0.4857142857142857,0.11428571428571428,0.3142857142857143,0.37142857142857144,0.8857142857142857,65.0,41.0,65.6,,0.15698787492022973,,4180.0,88.0,2.0,11.2,0.0,11.2,5.605369574544295
2018-2019,SPAL,37,16.0,25.16216216216216,27.625,0.3783783783783784,0.16216216216216217,0.35135135135135137,0.43243243243243246,0.8648648648648649,44.0,30.0,44.599999999999994,,0.10686616437262053,,3417.0,112.0,3.0,9.2,0.0,9.2,5.3099148011239485
2018-2019,Sampdoria,34,15.0,24.08823529411765,25.8,0.38235294117647056,0.11764705882352941,0.3235294117647059,0.4411764705882353,0.8823529411764706,60.0,41.0,51.4,,0.12313015704019163,,3994.0,89.0,3.0,14.0,0.0,14.0,4.51507674392862
2018-2019,Sassuolo,32,19.0,23.90625,24.789473684210527,0.53125,0.09375,0.3125,0.46875,0.90625,50.0,33.0,49.10000000000001,,0.11795008674763115,,3736.0,87.0,8.0,8.6,0.0,8.6,5.176618493984086
2018-2019,Torino,31,16.0,24.419354838709676,27.0,0.41935483870967744,0.12903225806451613,0.41935483870967744,0.5483870967741935,0.8709677419354839,50.0,31.0,47.2,,0.11305690104859745,,3564.0,88.0,4.0,9.4,0.0,9.4,5.252137301761935
2018-2019,Udinese,41,16.0,23.48780487804878,25.4,0.4634146341463415,0.12195121951219512,0.3902439024390244,0.43902439024390244,0.8780487804878049,37.0,30.0,43.1,,0.10322529139390069,,2873.0,90.0,4.0,9.4,0.0,9.4,4.422227669509521
2019-2020,Atalanta,36,16.0,24.194444444444443,26.666666666666668,0.3888888888888889,0.1111111111111111,0.5277777777777778,0.25,0.8888888888888888,96.0,68.0,85.1,,0.203962610849245,,4699.0,80.0,2.0,20.4,0.0,20.4,4.839241052918729
2019-2020,Bologna,38,17.0,23.526315789473685,26.294117647058822,0.5526315789473685,0.13157894736842105,0.3157894736842105,0.4473684210526316,0.868421052631579,48.0,31.0,57.8,,0.13880513381540677,,4120.0,109.0,7.0,10.4,0.0,10.4,5.740971017337235
2019-2020,Brescia,33,18.0,24.90909090909091,25.352941176470587,0.3333333333333333,0.12121212121212122,0.36363636363636365,0.42424242424242425,0.8787878787878788,34.0,22.0,44.699999999999996,,0.10753809141940657,,3009.0,95.0,6.0,7.2,0.0,7.2,4.83711972900478
2019-2020,Cagliari,40,17.0,25.025,27.11764705882353,0.325,0.125,0.375,0.45,0.875,50.0,34.0,42.2,,0.10135026952020068,,3228.0,108.0,6.0,12.0,0.0,12.0,5.5584885420224515
2019-2020,Fiorentina,40,15.0,23.425,25.083333333333332,0.55,0.125,0.325,0.45,0.875,48.0,30.0,54.699999999999996,,0.13120652434636604,,3735.0,105.0,5.0,9.2,0.0,9.2,4.390476289798414
2019-2020,Genoa,41,20.0,25.70731707317073,27.105263157894736,0.34146341463414637,0.14634146341463414,0.36585365853658536,0.36585365853658536,0.8536585365853658,46.0,28.0,49.4,,0.11865809068830234,,3132.0,107.0,10.0,7.8,0.0,7.8,5.173219028994541
2019-2020,Hellas,38,12.0,24.0,25.583333333333332,0.42105263157894735,0.07894736842105263,0.39473684210526316,0.5789473684210527,0.9210526315789473,45.0,27.0,51.30000000000001,,0.12349872943693997,,3857.0,87.0,7.0,8.0,0.0,8.0,4.753377177817325
2019-2020,Inter,34,16.0,25.823529411764707,27.2,0.29411764705882354,0.11764705882352941,0.4411764705882353,0.29411764705882354,0.8823529411764706,80.0,57.0,70.7,,0.16941345616230466,,4423.0,104.0,6.0,15.0,0.0,15.0,5.7759721114667855
2019-2020,Juventus,38,15.0,25.842105263157894,27.8,0.3684210526315789,0.10526315789473684,0.3157894736842105,0.47368421052631576,0.8947368421052632,73.0,47.0,71.80000000000001,,0.17189370361503475,,4359.0,87.0,3.0,16.2,0.0,16.2,5.435251881527408
2019-2020,Lazio,32,16.0,25.25,28.0,0.28125,0.125,0.5,0.25,0.875,77.0,45.0,68.8,,0.16473342556134937,,4261.0,99.0,2.0,19.8,0.0,19.8,5.01610310127101
2019-2020,Lecce,45,18.0,24.155555555555555,28.0,0.35555555555555557,0.1111111111111111,0.4222222222222222,0.3333333333333333,0.8888888888888888,52.0,30.0,56.4,,0.13537082966637332,,3457.0,98.0,5.0,9.6,0.0,9.6,4.795620898067298
2019-2020,Milan,37,18.0,24.243243243243242,24.61111111111111,0.40540540540540543,0.13513513513513514,0.32432432432432434,0.40540540540540543,0.8648648648648649,60.0,38.0,64.1,,0.15356562940878962,,4235.0,97.0,6.0,12.8,0.0,12.8,5.02441486590675
2019-2020,Napoli,33,18.0,25.87878787878788,26.5625,0.21212121212121213,0.15151515151515152,0.3333333333333333,0.42424242424242425,0.8484848484848485,60.0,45.0,62.599999999999994,,0.1497727091474599,,5011.0,73.0,2.0,12.2,0.0,12.2,4.385755178398412
2019-2020,Parma,36,16.0,26.02777777777778,29.071428571428573,0.3333333333333333,0.1388888888888889,0.2777777777777778,0.4722222222222222,0.8611111111111112,53.0,38.0,48.6,,0.11628648907321743,,3110.0,81.0,1.0,11.6,0.0,11.6,5.347822580191526
2019-2020,Roma,35,18.0,25.0,26.375,0.4,0.11428571428571428,0.37142857142857144,0.37142857142857144,0.8857142857142857,73.0,47.0,74.5,,0.1790243772194484,,4233.0,111.0,7.0,13.0,0.0,13.0,5.08168568604599
2019-2020,SPAL,40,19.0,24.775,27.176470588235293,0.375,0.1,0.475,0.4,0.9,27.0,17.0,41.0,,0.09840524827990826,,3157.0,98.0,4.0,5.6,0.0,5.6,5.586097670063349
2019-2020,Sampdoria,37,16.0,24.243243243243242,25.75,0.3783783783783784,0.13513513513513514,0.35135135135135137,0.4594594594594595,0.8648648648648649,48.0,25.0,50.9,,0.12231983124616165,,3340.0,111.0,7.0,9.6,0.0,9.6,4.675024690400668
2019-2020,Sassuolo,40,19.0,23.65,25.41176470588235,0.475,0.1,0.375,0.375,0.9,69.0,49.0,54.3,,0.1302956781400805,,4067.0,99.0,3.0,16.2,0.0,16.2,5.613856483326289
2019-2020,Torino,36,16.0,23.97222222222222,26.625,0.4722222222222222,0.1111111111111111,0.4722222222222222,0.4166666666666667,0.8888888888888888,44.0,29.0,46.199999999999996,,0.11097766034110015,,3265.0,96.0,7.0,10.0,0.0,10.0,5.140795442125448
2019-2020,Udinese,34,16.0,23.735294117647058,26.3125,0.4117647058823529,0.08823529411764706,0.38235294117647056,0.35294117647058826,0.9117647058823529,37.0,26.0,42.5,,0.10209528893634058,,3244.0,77.0,3.0,9.6,0.0,9.6,4.336657164847009
2020-2021,Atalanta,37,17.0,24.37837837837838,27.0625,0.2972972972972973,0.16216216216216217,0.40540540540540543,0.35135135135135137,0.8378378378378378,90.0,65.0,75.8,,0.1817842677467491,,5007.0,67.0,3.0,21.0,0.0,21.0,4.37385763721576
2020-2021,Benevento,34,17.0,26.470588235294116,28.058823529411764,0.2647058823529412,0.11764705882352941,0.35294117647058826,0.5,0.8823529411764706,40.0,26.0,41.0,,0.09825065899832254,,2691.0,95.0,5.0,8.0,0.0,8.0,5.899333779117194
2020-2021,Bologna,44,17.0,23.272727272727273,26.0625,0.5454545454545454,0.11363636363636363,0.4772727272727273,0.3409090909090909,0.8863636363636364,49.0,38.0,57.5,,0.13811048839071258,,3718.0,82.0,4.0,11.6,0.0,11.6,6.0091543976713435
2020-2021,Cagliari,41,17.0,24.609756097560975,25.764705882352942,0.34146341463414637,0.0975609756097561,0.4634146341463415,0.4146341463414634,0.9024390243902439,43.0,30.0,48.099999999999994,,0.11521877994251037,,3034.0,77.0,3.0,9.8,0.0,9.8,4.847050901220699
2020-2021,Crotone,40,17.0,25.1,27.0,0.375,0.1,0.425,0.4,0.9,44.0,27.0,41.0,,0.09849192579741092,,3005.0,89.0,4.0,10.6,0.0,10.6,5.669531704081894
2020-2021,Fiorentina,41,14.0,24.73170731707317,25.928571428571427,0.43902439024390244,0.12195121951219512,0.4146341463414634,0.3170731707317073,0.8780487804878049,44.0,31.0,45.3,,0.10864177791989767,,3335.0,86.0,5.0,10.2,0.0,10.2,5.513730090618792
2020-2021,Genoa,44,21.0,25.613636363636363,27.55,0.36363636363636365,0.11363636363636363,0.4090909090909091,0.4772727272727273,0.8863636363636364,46.0,32.0,39.4,,0.09428092845178272,,2843.0,87.0,2.0,9.4,0.0,9.4,5.3752919189129305
2020-2021,Hellas,44,16.0,23.477272727272727,26.125,0.4772727272727273,0.09090909090909091,0.45454545454545453,0.38636363636363635,0.9090909090909091,38.0,30.0,46.1,,0.11029001302533295,,3563.0,91.0,1.0,9.6,0.0,9.6,4.692837869853088
2020-2021,Inter,34,16.0,25.676470588235293,27.75,0.35294117647058826,0.11764705882352941,0.4117647058823529,0.38235294117647056,0.8823529411764706,84.0,62.0,75.9,,0.18160791194767906,,4168.0,61.0,2.0,19.0,0.0,19.0,5.927443049508729
2020-2021,Juventus,42,18.0,24.142857142857142,27.0,0.5476190476190477,0.11904761904761904,0.38095238095238093,0.47619047619047616,0.8809523809523809,76.0,59.0,77.3,,0.18576769025367157,,4473.0,80.0,6.0,17.2,0.0,17.2,5.706527834884676
2020-2021,Lazio,42,14.0,24.857142857142858,28.833333333333332,0.3333333333333333,0.11904761904761904,0.47619047619047616,0.30952380952380953,0.8809523809523809,59.0,40.0,59.0,,0.14125721582293632,,4150.0,107.0,5.0,14.6,0.0,14.6,5.4215983088934685
2020-2021,Milan,41,17.0,23.073170731707318,24.125,0.5853658536585366,0.12195121951219512,0.36585365853658536,0.3170731707317073,0.8780487804878049,72.0,47.0,72.7,,0.17441953456135206,,3741.0,83.0,4.0,14.8,0.0,14.8,5.00195083893494
2020-2021,Napoli,32,18.0,25.09375,26.88888888888889,0.25,0.125,0.34375,0.375,0.875,83.0,56.0,69.0,,0.16531345667509648,,4286.0,76.0,3.0,17.8,0.0,17.8,4.602659644863132
2020-2021,Parma,51,17.0,24.333333333333332,28.0,0.45098039215686275,0.09803921568627451,0.39215686274509803,0.4117647058823529,0.9019607843137255,39.0,26.0,43.0,,0.10291184682887915,,3232.0,91.0,1.0,7.0,0.0,7.0,5.746883213244086
2020-2021,Roma,41,17.0,24.463414634146343,26.941176470588236,0.43902439024390244,0.14634146341463414,0.34146341463414637,0.4878048780487805,0.8536585365853658,67.0,51.0,66.1,,0.15837814812842765,,4017.0,91.0,3.0,14.2,0.0,14.2,5.766704262295795
2020-2021,Sampdoria,34,18.0,25.529411764705884,27.5625,0.23529411764705882,0.11764705882352941,0.29411764705882354,0.4117647058823529,0.8823529411764706,52.0,37.0,46.60000000000001,,0.11173273657289004,,3311.0,83.0,3.0,10.0,0.0,10.0,4.487256664240022
2020-2021,Sassuolo,38,18.0,23.973684210526315,25.333333333333332,0.5,0.10526315789473684,0.3157894736842105,0.4473684210526316,0.8947368421052632,61.0,36.0,59.39999999999999,,0.14261324227711678,,4249.0,79.0,4.0,12.4,0.0,12.4,5.744500740921412
2020-2021,Spezia,39,18.0,24.71794871794872,24.27777777777778,0.3333333333333333,0.1282051282051282,0.358974358974359,0.3076923076923077,0.8717948717948718,52.0,37.0,48.39999999999999,,0.11625610504683871,,3390.0,100.0,5.0,9.0,0.0,9.0,4.7013364166547476
2020-2021,Torino,40,18.0,24.475,26.5,0.3,0.125,0.3,0.45,0.875,49.0,28.0,50.5,,0.12108053387324506,,2880.0,78.0,4.0,8.8,0.0,8.8,4.877933042717045
2020-2021,Udinese,41,14.0,24.853658536585368,26.785714285714285,0.3170731707317073,0.14634146341463414,0.2926829268292683,0.4634146341463415,0.8536585365853658,40.0,30.0,47.2,,0.11296970986357471,,3474.0,65.0,2.0,9.2,0.0,9.2,5.1456825378649045
2021-2022,Atalanta,43,17.0,23.58139534883721,27.4375,0.4418604651162791,0.13953488372093023,0.37209302325581395,0.5581395348837209,0.8604651162790697,62.0,48.0,63.6,,0.15231100822223997,,4502.0,87.0,2.0,13.6,0.0,13.6,4.792019944605997
2021-2022,Bologna,42,14.0,23.0,26.214285714285715,0.5714285714285714,0.11904761904761904,0.4523809523809524,0.3333333333333333,0.8809523809523809,43.0,34.0,45.60000000000001,,0.10970622042823922,,3080.0,92.0,7.0,9.6,0.0,9.6,5.351088332429526
2021-2022,Cagliari,45,17.0,24.11111111111111,25.41176470588235,0.4444444444444444,0.13333333333333333,0.37777777777777777,0.4222222222222222,0.8666666666666667,34.0,26.0,40.0,,0.09578544061302681,,2640.0,96.0,5.0,7.8,0.0,7.8,5.188370834779635
2021-2022,Empoli,40,18.0,23.5,23.38888888888889,0.4,0.15,0.325,0.375,0.85,47.0,27.0,45.2,,0.10853788687299894,,3600.0,87.0,5.0,8.8,0.0,8.8,4.308607961291276
2021-2022,Fiorentina,37,17.0,24.35135135135135,25.88235294117647,0.35135135135135137,0.10810810810810811,0.2972972972972973,0.2972972972972973,0.8918918918918919,59.0,33.0,61.900000000000006,,0.14881795111526647,,3906.0,89.0,8.0,10.4,0.0,10.4,4.697612964854338
2021-2022,Genoa,46,18.0,25.282608695652176,25.941176470588236,0.41304347826086957,0.10869565217391304,0.3695652173913043,0.45652173913043476,0.8913043478260869,26.0,19.0,37.5,,0.0899544230922999,,2708.0,92.0,3.0,5.6,0.0,5.6,5.3527274189198195
2021-2022,Hellas,41,14.0,23.926829268292682,27.0,0.43902439024390244,0.17073170731707318,0.3902439024390244,0.4146341463414634,0.8292682926829268,63.0,44.0,51.199999999999996,,0.12290294188248471,,3836.0,100.0,7.0,14.6,0.0,14.6,4.95171810537736
2021-2022,Inter,36,14.0,26.22222222222222,27.714285714285715,0.3055555555555556,0.1111111111111111,0.4166666666666667,0.3333333333333333,0.8888888888888888,83.0,57.0,83.69999999999999,,0.20023923444976074,,4328.0,71.0,0.0,18.0,0.0,18.0,6.1230763095084395
2021-2022,Juventus,41,20.0,24.24390243902439,26.55,0.4878048780487805,0.14634146341463414,0.2926829268292683,0.4634146341463415,0.8536585365853658,56.0,37.0,52.8,,0.1263527347177537,,3621.0,77.0,2.0,10.0,0.0,10.0,5.398057464518501
2021-2022,Lazio,33,16.0,26.363636363636363,29.0,0.21212121212121213,0.12121212121212122,0.30303030303030304,0.36363636363636365,0.8787878787878788,74.0,48.0,56.6,,0.13568080119326656,,3831.0,88.0,5.0,18.2,0.0,18.2,5.296332350186907
2021-2022,Milan,36,18.0,24.52777777777778,25.647058823529413,0.4444444444444444,0.19444444444444445,0.3055555555555556,0.3055555555555556,0.8055555555555556,66.0,39.0,60.7,,0.14536987759446515,,3760.0,76.0,3.0,12.4,0.0,12.4,5.659308948783215
2021-2022,Napoli,36,16.0,24.63888888888889,27.4375,0.3611111111111111,0.1111111111111111,0.3888888888888889,0.3055555555555556,0.8888888888888888,74.0,46.0,58.5,,0.14025787202301668,,4150.0,63.0,2.0,13.8,0.0,13.8,4.799718907113372
2021-2022,Roma,37,14.0,22.864864864864863,26.142857142857142,0.4594594594594595,0.10810810810810811,0.4594594594594595,0.43243243243243246,0.8918918918918919,58.0,31.0,66.9,,0.16030778242232224,,3892.0,111.0,8.0,12.6,0.0,12.6,4.466928861472215
2021-2022,Salernitana,50,22.0,25.02,28.473684210526315,0.4,0.12,0.4,0.44,0.88,32.0,19.0,37.2,,0.08928952421591638,,2580.0,94.0,5.0,6.0,0.0,6.0,5.203962383587713
2021-2022,Sampdoria,42,16.0,25.333333333333332,29.866666666666667,0.3333333333333333,0.09523809523809523,0.40476190476190477,0.4523809523809524,0.9047619047619048,42.0,29.0,37.9,,0.09077602725143709,,2829.0,94.0,4.0,10.0,0.0,10.0,5.603425201048001
2021-2022,Sassuolo,40,16.0,24.1,25.333333333333332,0.475,0.125,0.35,0.45,0.875,60.0,39.0,56.0,,0.1341460168747172,,3821.0,92.0,4.0,15.0,0.0,15.0,5.900021729642732
2021-2022,Spezia,31,17.0,22.838709677419356,24.125,0.45161290322580644,0.0967741935483871,0.2903225806451613,0.5483870967741935,0.9032258064516129,38.0,25.0,40.5,,0.09713783178765589,,2502.0,88.0,4.0,7.2,0.0,7.2,3.512803004188615
2021-2022,Torino,40,19.0,24.025,24.444444444444443,0.4,0.1,0.35,0.45,0.9,43.0,27.0,49.8,,0.11937356842273476,,3250.0,89.0,3.0,8.2,0.0,8.2,4.382292457092198
2021-2022,Udinese,44,16.0,23.977272727272727,25.625,0.4090909090909091,0.1590909090909091,0.3181818181818182,0.4090909090909091,0.8409090909090909,58.0,36.0,53.400000000000006,,0.12805073004369605,,3114.0,95.0,6.0,10.8,0.0,10.8,5.638277142283127
2021-2022,Venezia,48,18.0,24.0,25.555555555555557,0.4166666666666667,0.125,0.3125,0.4166666666666667,0.875,34.0,23.0,37.099999999999994,,0.08912080286126087,,2703.0,110.0,9.0,7.4,0.0,7.4,5.202290821093534
2022-2023,Atalanta,37,17.0,23.54054054054054,26.375,0.4594594594594595,0.10810810810810811,0.43243243243243246,0.4594594594594595,0.8918918918918919,64.0,42.0,58.099999999999994,,0.13922837287323267,,3952.0,83.0,3.0,11.6,0.0,11.6,5.273595624506188
2022-2023,Bologna,35,16.0,24.085714285714285,26.625,0.42857142857142855,0.14285714285714285,0.42857142857142855,0.34285714285714286,0.8571428571428571,52.0,41.0,44.8,,0.10739685161015368,,3288.0,84.0,3.0,10.2,0.0,10.2,5.220837371259792
2022-2023,Cremonese,37,18.0,25.16216216216216,25.8125,0.2702702702702703,0.13513513513513514,0.3783783783783784,0.40540540540540543,0.8648648648648649,35.0,18.0,39.1,,0.09373252004368325,,2728.0,81.0,3.0,6.2,0.0,6.2,4.15340231024527
2022-2023,Empoli,43,18.0,23.162790697674417,24.941176470588236,0.5116279069767442,0.13953488372093023,0.27906976744186046,0.4883720930232558,0.8604651162790697,35.0,20.0,40.2,,0.09650316075858206,,2827.0,88.0,7.0,6.4,0.0,6.4,4.5977749927242995
2022-2023,Fiorentina,38,17.0,24.18421052631579,26.235294117647058,0.23684210526315788,0.15789473684210525,0.3157894736842105,0.39473684210526316,0.8421052631578947,51.0,37.0,56.099999999999994,,0.13445713829192296,,4023.0,93.0,3.0,8.2,0.0,8.2,4.501382749465268
2022-2023,Hellas,46,19.0,23.76086956521739,27.333333333333332,0.45652173913043476,0.13043478260869565,0.32608695652173914,0.43478260869565216,0.8695652173913043,29.0,22.0,36.6,,0.08783765766246233,,2617.0,103.0,3.0,5.6,0.0,5.6,4.785091582119966
2022-2023,Inter,33,18.0,25.636363636363637,28.833333333333332,0.36363636363636365,0.15151515151515152,0.3939393939393939,0.30303030303030304,0.8484848484848485,68.0,50.0,69.8,,0.1674396289780905,,3905.0,65.0,3.0,15.2,0.0,15.2,6.397353856371896
2022-2023,Juventus,37,18.0,24.81081081081081,26.705882352941178,0.43243243243243246,0.13513513513513514,0.3783783783783784,0.40540540540540543,0.8648648648648649,56.0,41.0,56.89999999999999,,0.13632733468214245,,3456.0,74.0,6.0,10.2,0.0,10.2,5.237884633650825
2022-2023,Lazio,33,15.0,25.0,28.6,0.3333333333333333,0.12121212121212122,0.3939393939393939,0.30303030303030304,0.8787878787878788,59.0,37.0,51.9,,0.12444716790110301,,3432.0,86.0,2.0,14.8,0.0,14.8,4.968651728587948
2022-2023,Lecce,37,15.0,23.72972972972973,24.214285714285715,0.40540540540540543,0.10810810810810811,0.40540540540540543,0.40540540540540543,0.8918918918918919,31.0,21.0,36.4,,0.0872413517616042,,2965.0,86.0,2.0,6.6,0.0,6.6,3.5796387825887983
2022-2023,Milan,34,18.0,25.352941176470587,26.1875,0.38235294117647056,0.17647058823529413,0.38235294117647056,0.3235294117647059,0.8235294117647058,61.0,49.0,59.9,,0.14347305389221557,,3955.0,90.0,2.0,14.0,0.0,14.0,5.851093412145038
2022-2023,Monza,36,16.0,25.27777777777778,25.933333333333334,0.3055555555555556,0.08333333333333333,0.4444444444444444,0.4166666666666667,0.9166666666666666,46.0,31.0,47.1,,0.11275435563239793,,3420.0,90.0,4.0,9.2,0.0,9.2,4.681947769960161
2022-2023,Napoli,30,16.0,25.566666666666666,25.928571428571427,0.3,0.16666666666666666,0.3,0.26666666666666666,0.8333333333333334,75.0,57.0,65.99999999999999,,0.1579955314395148,,4500.0,47.0,1.0,16.0,0.0,16.0,3.6453402786470344
2022-2023,Roma,43,17.0,22.906976744186046,27.133333333333333,0.5116279069767442,0.11627906976744186,0.3953488372093023,0.3953488372093023,0.8837209302325582,50.0,33.0,59.4,,0.14251059632660676,,3099.0,82.0,4.0,10.4,0.0,10.4,4.960865676608374
2022-2023,Salernitana,41,17.0,25.682926829268293,27.235294117647058,0.3170731707317073,0.17073170731707318,0.4146341463414634,0.4634146341463415,0.8292682926829268,46.0,34.0,37.3,,0.08928666418426512,,2684.0,85.0,4.0,10.6,0.0,10.6,5.349948711858104
2022-2023,Sampdoria,47,17.0,24.74468085106383,27.625,0.3617021276595745,0.1276595744680851,0.40425531914893614,0.425531914893617,0.8723404255319149,23.0,18.0,34.9,,0.08369527565349463,,2710.0,108.0,3.0,5.2,0.0,5.2,5.395118909542552
2022-2023,Sassuolo,35,15.0,24.02857142857143,26.0,0.34285714285714286,0.11428571428571428,0.37142857142857144,0.3142857142857143,0.8857142857142857,46.0,30.0,52.599999999999994,,0.12619961612284067,,3878.0,90.0,6.0,9.8,0.0,9.8,4.925836532632654
2022-2023,Spezia,44,17.0,23.5,25.3125,0.45454545454545453,0.11363636363636363,0.4090909090909091,0.4772727272727273,0.8863636363636364,29.0,18.0,42.6,,0.10210114244627307,,2872.0,103.0,6.0,6.0,0.0,6.0,4.516120994527195
2022-2023,Torino,37,16.0,23.054054054054053,24.8125,0.4864864864864865,0.10810810810810811,0.43243243243243246,0.43243243243243246,0.8918918918918919,41.0,34.0,42.2,,0.10095693779904306,,3329.0,81.0,0.0,9.0,0.0,9.0,3.628176355094066
2022-2023,Udinese,38,15.0,23.894736842105264,25.533333333333335,0.4473684210526316,0.07894736842105263,0.4473684210526316,0.42105263157894735,0.9210526315789473,46.0,41.0,47.7,,0.11426974367164418,,3344.0,88.0,3.0,10.2,0.0,10.2,5.665397453599758
2023-2024,Atalanta,39,18.0,24.307692307692307,25.8125,0.41025641025641024,0.10256410256410256,0.46153846153846156,0.3333333333333333,0.8974358974358975,72.0,57.0,58.900000000000006,,0.14091283659852735,,4202.0,76.0,1.0,16.6,0.0,16.6,5.011323210878204
2023-2024,Bologna,32,16.0,23.84375,24.428571428571427,0.40625,0.125,0.375,0.375,0.875,52.0,32.0,48.800000000000004,,0.11684580185165479,,3554.0,85.0,2.0,10.0,0.0,10.0,4.341171055030228
2023-2024,Cagliari,35,22.0,25.62857142857143,25.833333333333332,0.2857142857142857,0.11428571428571428,0.34285714285714286,0.4857142857142857,0.8857142857142857,41.0,30.0,43.599999999999994,,0.10472936906159921,,2735.0,77.0,4.0,6.6,0.0,6.6,4.994618953173
2023-2024,Empoli,42,19.0,23.904761904761905,25.941176470588236,0.47619047619047616,0.14285714285714285,0.35714285714285715,0.42857142857142855,0.8571428571428571,26.0,19.0,36.9,,0.08827751196172248,,2629.0,88.0,1.0,4.8,0.0,4.8,4.557542790077939
2023-2024,Fiorentina,41,18.0,24.24390243902439,26.166666666666668,0.34146341463414637,0.0975609756097561,0.36585365853658536,0.3902439024390244,0.9024390243902439,60.0,41.0,52.900000000000006,,0.12655502392344498,,3917.0,80.0,0.0,9.4,0.0,9.4,4.586831628721933
2023-2024,Frosinone,41,17.0,24.0,23.88235294117647,0.4634146341463415,0.0975609756097561,0.36585365853658536,0.4634146341463415,0.9024390243902439,44.0,29.0,46.2,,0.11052925383449853,,3197.0,68.0,2.0,8.0,0.0,8.0,4.511097427455985
2023-2024,Genoa,40,16.0,24.95,26.733333333333334,0.325,0.1,0.45,0.375,0.9,43.0,27.0,36.6,,0.0876926763038096,,2608.0,79.0,3.0,8.8,0.0,8.8,4.787537239595409
2023-2024,Hellas,46,18.0,23.47826086956522,24.823529411764707,0.45652173913043476,0.10869565217391304,0.2826086956521739,0.45652173913043476,0.8913043478260869,38.0,29.0,39.0,,0.09337092998510321,,2769.0,88.0,6.0,7.4,0.0,7.4,4.385527361851239
2023-2024,Inter,35,14.0,25.62857142857143,28.5,0.3142857142857143,0.11428571428571428,0.4,0.37142857142857144,0.8857142857142857,87.0,60.0,79.6,,0.19043568409580264,,3943.0,46.0,1.0,16.8,0.0,16.8,5.770542406383091
2023-2024,Juventus,38,14.0,23.973684210526315,26.071428571428573,0.42105263157894735,0.18421052631578946,0.3684210526315789,0.34210526315789475,0.8157894736842105,52.0,37.0,57.00000000000001,,0.1366323975922868,,3633.0,87.0,2.0,10.2,0.0,10.2,4.829452669482431
2023-2024,Lazio,34,18.0,25.352941176470587,27.11111111111111,0.3235294117647059,0.17647058823529413,0.29411764705882354,0.4117647058823529,0.8235294117647058,46.0,30.0,47.2,,0.1130779673649746,,3765.0,101.0,5.0,9.0,0.0,9.0,4.873442893150444
2023-2024,Lecce,38,17.0,23.05263157894737,23.823529411764707,0.5,0.10526315789473684,0.3157894736842105,0.39473684210526316,0.8947368421052632,30.0,23.0,44.2,,0.10605737442678896,,2992.0,89.0,5.0,5.8,0.0,5.8,3.601406395112832
2023-2024,Milan,42,17.0,23.285714285714285,26.0,0.4523809523809524,0.16666666666666666,0.35714285714285715,0.30952380952380953,0.8333333333333334,76.0,56.0,67.8,,0.16274169889318577,,4025.0,82.0,8.0,15.6,0.0,15.6,5.58868942394833
2023-2024,Monza,39,17.0,25.205128205128204,26.875,0.358974358974359,0.1282051282051282,0.358974358974359,0.48717948717948717,0.8717948717948718,38.0,29.0,40.6,,0.0973258043895163,,3207.0,88.0,5.0,7.6,0.0,7.6,5.232386429373197
2023-2024,Napoli,35,16.0,25.142857142857142,26.4375,0.2,0.11428571428571428,0.34285714285714286,0.42857142857142855,0.8857142857142857,54.0,36.0,63.3,,0.1517338731156448,,4305.0,77.0,5.0,13.0,0.0,13.0,3.797389638584233
2023-2024,Roma,37,17.0,24.2972972972973,27.5625,0.3783783783783784,0.10810810810810811,0.43243243243243246,0.35135135135135137,0.8918918918918919,64.0,44.0,52.199999999999996,,0.12535688555647465,,3613.0,95.0,3.0,12.8,0.0,12.8,4.9602019720575505
2023-2024,Salernitana,48,20.0,24.395833333333332,27.176470588235293,0.4166666666666667,0.10416666666666667,0.4791666666666667,0.4166666666666667,0.8958333333333334,32.0,25.0,30.599999999999998,,0.07327976158799425,,2726.0,91.0,3.0,7.0,0.0,7.0,5.715747501731169
2023-2024,Sassuolo,38,16.0,24.157894736842106,25.4375,0.42105263157894735,0.13157894736842105,0.3684210526315789,0.3684210526315789,0.868421052631579,42.0,28.0,40.8,,0.09786258728212781,,3229.0,71.0,4.0,9.0,0.0,9.0,5.217052682436981
2023-2024,Torino,44,14.0,22.954545454545453,26.307692307692307,0.5227272727272727,0.11363636363636363,0.45454545454545453,0.4090909090909091,0.8863636363636364,35.0,29.0,38.3,,0.09184162847703292,,3352.0,75.0,2.0,7.8,0.0,7.8,4.176092228412995
2023-2024,Udinese,43,18.0,23.13953488372093,25.25,0.46511627906976744,0.13953488372093023,0.3953488372093023,0.32558139534883723,0.8604651162790697,36.0,23.0,40.39999999999999,,0.09691864804350142,,2636.0,94.0,5.0,7.8,0.0,7.8,5.152814281207046

