Date,HomeTeam,AwayTeam,prob_home,prob_draw,prob_away,predicted,predicted_pct,predicted_norm,Time,FTR,B365H,B365D,B365A,BFH,BFD,BFA,BWH,BWD,BWA,PSH,PSD,PSA,WHH,WHD,WHA,_merge,Time_sort,match_index,pred_FTR,correct,cum_correct,cum_accuracy,fair_odds,max_bookie_odds,max_bookie,bookie_gap
2024-08-17,Parma,Fiorentina,0.1595967338609728,0.2238405879138536,0.6165626782251735,Away,0.6165626782251735,A,17:30:00,D,3.5,3.2,2.2,3.4,3.4,2.2,3.2,3.4,2.2,3.37,3.43,2.25,3.3,3.4,2.2,both,2025-09-06 17:30:00,1,A,False,0,0.0,1.6218951216421051,2.25,PSA,0.6281048783578949
2024-08-17,Empoli,Monza,0.2909258327981829,0.2377416358927644,0.4713325313090526,Away,0.4713325313090526,A,19:45:00,D,2.5,3.2,3.0,2.5,3.1,3.1,2.4,3.2,3.0,2.53,3.13,3.14,2.5,3.1,3.1,both,2025-09-06 19:45:00,3,A,False,0,0.0,2.1216443457078085,3.14,PSA,1.0183556542921917
2024-08-18,Bologna,Udinese,0.6515783489898898,0.2186243486362222,0.1297973023738881,Home,0.6515783489898898,H,17:30:00,D,1.91,3.4,4.33,1.85,3.3,4.75,1.9,3.3,4.33,1.95,3.29,4.57,1.95,3.25,4.33,both,2025-09-06 17:30:00,5,H,False,0,0.0,1.5347348504600429,1.95,PSH,0.4152651495399571
2024-08-18,Verona,Napoli,0.155634158243248,0.2357427621055348,0.6086230796512171,Away,0.6086230796512171,A,17:30:00,H,4.75,3.6,1.75,4.75,3.6,1.75,4.4,3.6,1.8,4.99,3.67,1.78,4.5,3.7,1.8,both,2025-09-06 17:30:00,6,A,False,0,0.0,1.6430530379706745,1.8,BWA,0.15694696202932557
2024-08-18,Cagliari,Roma,0.1702008497674083,0.2591525362977029,0.5706466139348888,Away,0.5706466139348888,A,19:45:00,D,4.1,3.4,1.95,4.0,3.5,1.95,3.7,3.5,2.0,4.04,3.53,1.99,3.9,3.4,2.0,both,2025-09-06 19:45:00,7,A,False,0,0.0,1.7523980263450765,2.0,BWA,0.24760197365492354
2024-08-18,Lazio,Venezia,0.674366030462774,0.2200058294501826,0.1056281400870434,Home,0.674366030462774,H,19:45:00,H,1.48,4.1,7.5,1.44,4.5,7.5,1.49,4.2,6.5,1.48,4.46,7.29,1.44,4.4,7.5,both,2025-09-06 19:45:00,8,H,True,1,0.125,1.4828742178987937,1.49,BWH,0.0071257821012062905
2024-08-19,Lecce,Atalanta,0.1206145056871732,0.1926180254644989,0.6867674688483278,Away,0.6867674688483278,A,17:30:00,A,4.2,3.7,1.85,4.2,3.6,1.87,4.1,3.6,1.87,4.44,3.62,1.88,4.2,3.7,1.85,both,2025-09-06 17:30:00,9,A,True,2,0.2222222222222222,1.456096925611439,1.88,PSA,0.4239030743885608
2024-08-24,Udinese,Lazio,0.1419884742931298,0.2054072332717545,0.6526042924351158,Away,0.6526042924351158,A,17:30:00,H,3.3,3.1,2.35,3.4,3.1,2.4,3.1,3.1,2.4,3.38,3.11,2.4,3.2,3.1,2.4,both,2025-09-06 17:30:00,12,A,False,3,0.25,1.5323221308714017,2.4,BFA,0.8676778691285982
2024-08-24,Monza,Genoa,0.4019571841195658,0.2927028217600007,0.3053399941204334,Home,0.4019571841195658,H,19:45:00,A,2.6,3.1,2.88,2.63,3.1,2.9,2.55,3.1,2.9,2.68,3.11,2.96,2.62,3.1,2.88,both,2025-09-06 19:45:00,13,H,False,3,0.2307692307692307,2.487827160473243,2.68,PSH,0.19217283952675723
2024-08-26,Cagliari,Como,0.3308553835772748,0.3083310639411384,0.3608135524815866,Away,0.3608135524815866,A,17:30:00,D,2.1,3.4,3.4,2.1,3.4,3.5,2.05,3.4,3.5,2.13,3.43,3.66,2.1,3.5,3.5,both,2025-09-06 17:30:00,19,A,False,5,0.2631578947368421,2.771514520788498,3.66,PSA,0.8884854792115022
2024-08-26,Verona,Juventus,0.1615111036213078,0.2161716234670623,0.6223172729116299,Away,0.6223172729116299,A,19:45:00,A,5.25,3.75,1.67,5.5,3.6,1.7,5.25,3.7,1.7,5.23,3.77,1.72,5.5,3.7,1.7,both,2025-09-06 19:45:00,20,A,True,6,0.3,1.6068973874392232,1.72,PSA,0.1131026125607768
2024-08-30,Venezia,Torino,0.1768825212038072,0.2417930641474341,0.5813244146487586,Away,0.5813244146487586,A,17:30:00,A,3.4,3.3,2.2,3.4,3.2,2.2,3.4,3.25,2.15,3.63,3.3,2.23,3.5,3.2,2.2,both,2025-09-06 17:30:00,21,A,True,7,0.3333333333333333,1.7202098773095724,2.23,PSA,0.5097901226904276
2024-08-31,Lazio,Milan,0.4015876511318973,0.2681101846017009,0.3303021642664017,Home,0.4015876511318973,H,19:45:00,D,2.9,3.4,2.4,2.9,3.4,2.45,2.75,3.4,2.45,2.97,3.44,2.46,2.88,3.4,2.45,both,2025-09-06 19:45:00,25,H,False,9,0.36,2.4901164096591217,2.97,PSH,0.47988359034087846
2024-09-01,Fiorentina,Monza,0.6046586282649767,0.2466979910375023,0.1486433806975208,Home,0.6046586282649767,H,17:30:00,D,1.67,3.9,5.0,1.67,3.8,5.0,1.68,3.8,5.0,1.7,3.86,5.24,1.7,3.8,5.0,both,2025-09-06 17:30:00,27,H,False,10,0.3703703703703703,1.6538257344800091,1.7,PSH,0.04617426551999082
2024-09-01,Genoa,Verona,0.5334036334752625,0.285044621291993,0.1815517452327444,Home,0.5334036334752625,H,17:30:00,A,2.0,3.3,4.0,2.05,3.25,4.0,2.05,3.2,3.9,2.02,3.29,4.25,2.0,3.2,4.2,both,2025-09-06 17:30:00,28,H,False,10,0.3571428571428571,1.8747528836366216,2.05,BFH,0.1752471163633782
2024-09-01,Juventus,Roma,0.5850269923864548,0.2518139230435147,0.1631590845700303,Home,0.5850269923864548,H,19:45:00,D,1.75,3.6,5.0,1.75,3.6,5.0,1.8,3.6,4.5,1.76,3.73,5.02,1.8,3.6,4.8,both,2025-09-06 19:45:00,29,H,False,10,0.3448275862068966,1.7093228398244982,1.8,BWH,0.09067716017550187
2024-09-01,Udinese,Como,0.5563140094989323,0.2522471873024446,0.191438803198623,Home,0.5563140094989323,H,19:45:00,H,2.05,3.4,3.75,2.05,3.3,3.9,2.0,3.3,3.8,2.07,3.4,3.89,2.1,3.3,3.75,both,2025-09-06 19:45:00,30,H,True,11,0.3666666666666666,1.79754595952148,2.1,WHH,0.3024540404785201
2024-09-14,Como,Bologna,0.1380422796354958,0.2155864300546089,0.6463712903098953,Away,0.6463712903098953,A,14:00:00,D,3.0,3.25,2.45,3.0,3.2,2.5,2.9,3.2,2.5,3.03,3.15,2.57,3.0,3.2,2.45,both,2025-09-06 14:00:00,31,A,False,11,0.3548387096774194,1.5470984169494308,2.57,PSA,1.022901583050569
2024-09-14,Empoli,Juventus,0.1575171482886424,0.2165671784172346,0.625915673294123,Away,0.625915673294123,A,17:00:00,D,5.25,3.6,1.7,5.0,3.75,1.73,5.0,3.6,1.73,5.54,3.68,1.7,5.0,3.6,1.73,both,2025-09-06 17:00:00,32,A,False,11,0.34375,1.5976593056651125,1.73,BFA,0.1323406943348875
2024-09-15,Genoa,Roma,0.2296425441809663,0.256066821816316,0.5142906340027177,Away,0.5142906340027177,A,11:30:00,D,3.25,3.3,2.25,3.3,3.3,2.25,3.3,3.3,2.2,3.37,3.28,2.29,3.3,3.3,2.25,both,2025-09-06 11:30:00,34,A,False,12,0.3529411764705882,1.9444258438405,2.29,PSA,0.34557415615950005
2024-09-15,Atalanta,Fiorentina,0.5708300871416764,0.2581624967434245,0.1710074161148992,Home,0.5708300871416764,H,14:00:00,H,1.8,3.6,4.5,1.83,3.75,4.4,1.8,3.75,4.2,1.83,3.85,4.29,1.83,3.75,4.2,both,2025-09-06 14:00:00,35,H,True,13,0.3714285714285714,1.7518347797806362,1.83,BFH,0.0781652202193639
2024-09-15,Torino,Lecce,0.6121866279858166,0.2590992206884349,0.1287141513257484,Home,0.6121866279858166,H,14:00:00,D,1.8,3.5,4.75,1.85,3.4,5.0,1.82,3.4,4.75,1.84,3.34,5.07,1.83,3.4,4.8,both,2025-09-06 14:00:00,36,H,False,13,0.3611111111111111,1.6334887994697729,1.85,BFH,0.2165112005302272
2024-09-15,Cagliari,Napoli,0.1789710363165201,0.2542502852586449,0.566778678424835,Away,0.566778678424835,A,17:00:00,A,4.33,3.75,1.8,4.5,3.75,1.8,4.2,3.75,1.8,4.43,3.73,1.83,4.33,3.7,1.83,both,2025-09-06 17:00:00,37,A,True,14,0.3783783783783784,1.7643571257464266,1.83,PSA,0.06564287425357351
2024-09-16,Parma,Udinese,0.1962847065333431,0.2544417801080637,0.5492735133585931,Away,0.5492735133585931,A,17:30:00,A,2.25,3.4,3.2,2.2,3.4,3.3,2.25,3.3,3.1,2.29,3.36,3.29,2.25,3.4,3.2,both,2025-09-06 17:30:00,39,A,True,15,0.3846153846153846,1.8205866033579343,3.3,BFA,1.4794133966420655
2024-09-16,Lazio,Verona,0.6641923926160916,0.2127091949887184,0.1230984123951899,Home,0.6641923926160916,H,19:45:00,H,1.62,3.8,6.0,1.6,4.0,6.0,1.63,3.8,5.5,1.62,3.97,5.78,1.62,3.8,5.8,both,2025-09-06 19:45:00,40,H,True,16,0.4,1.505587855442373,1.63,BWH,0.12441214455762695
2024-09-20,Cagliari,Empoli,0.3340191109037251,0.3031160998137502,0.3628647892825247,Away,0.3628647892825247,A,17:30:00,A,2.15,3.4,3.4,2.2,3.25,3.6,2.15,3.25,3.5,2.17,3.35,3.72,2.2,3.2,3.5,both,2025-09-06 17:30:00,41,A,True,17,0.4146341463414634,2.755847438317872,3.72,PSA,0.9641525616821283
2024-09-20,Verona,Torino,0.2278160792172936,0.2647905082940401,0.5073934124886663,Away,0.5073934124886663,A,19:45:00,A,2.7,3.0,2.8,2.8,3.0,2.8,2.75,2.95,2.8,2.85,3.02,2.9,2.88,2.9,2.8,both,2025-09-06 19:45:00,42,A,True,18,0.4285714285714285,1.970857278369449,2.9,PSA,0.929142721630551
2024-09-21,Venezia,Genoa,0.2353958132104559,0.2639257500672511,0.500678436722293,Away,0.500678436722293,A,14:00:00,H,3.25,3.2,2.35,3.1,3.2,2.45,3.0,3.25,2.37,3.24,3.26,2.39,3.25,3.25,2.3,both,2025-09-06 14:00:00,43,A,False,18,0.4186046511627907,1.9972899303323928,2.45,BFA,0.4527100696676074
2024-09-21,Juventus,Napoli,0.5545325083235697,0.2555073805699825,0.1899601111064478,Home,0.5545325083235697,H,17:00:00,D,2.2,3.4,3.3,2.2,3.25,3.5,2.15,3.3,3.5,2.26,3.28,3.49,2.2,3.3,3.4,both,2025-09-06 17:00:00,44,H,False,18,0.4090909090909091,1.803320788213376,2.26,PSH,0.45667921178662385
2024-09-21,Lecce,Parma,0.550715058434433,0.2684565049058723,0.1808284366596946,Home,0.550715058434433,H,19:45:00,D,2.2,3.5,3.25,2.2,3.4,3.4,2.25,3.4,3.1,2.22,3.46,3.39,2.2,3.4,3.3,both,2025-09-06 19:45:00,45,H,False,18,0.4,1.815821057885705,2.25,BWH,0.434178942114295
2024-09-22,Fiorentina,Lazio,0.4881328678982304,0.2555565387579182,0.2563105933438513,Home,0.4881328678982304,H,11:30:00,H,2.25,3.4,3.2,2.3,3.3,3.3,2.25,3.3,3.1,2.32,3.43,3.23,2.3,3.3,3.2,both,2025-09-06 11:30:00,46,H,True,19,0.4130434782608695,2.0486225488271925,2.32,PSH,0.2713774511728073
2024-09-22,Monza,Bologna,0.1981114010913892,0.2393940985678229,0.5624945003407879,Away,0.5624945003407879,A,14:00:00,A,3.3,3.1,2.4,3.3,3.1,2.4,3.1,3.2,2.35,3.21,3.23,2.43,3.2,3.2,2.38,both,2025-09-06 14:00:00,47,A,True,20,0.425531914893617,1.7777951595867143,2.43,PSA,0.6522048404132859
2024-09-24,Atalanta,Como,0.7325037354708448,0.1811704663133774,0.0863257982157776,Home,0.7325037354708448,H,19:45:00,A,1.44,4.5,7.0,1.44,4.6,7.0,1.44,4.6,6.75,1.5,4.69,6.4,1.44,4.6,7.0,both,2025-09-06 19:45:00,50,H,False,21,0.42,1.3651807514090173,1.5,PSH,0.1348192485909827
2024-09-28,Genoa,Juventus,0.1598499231863052,0.215430095375886,0.6247199814378086,Away,0.6247199814378086,A,17:00:00,A,5.5,3.5,1.7,5.5,3.6,1.67,5.25,3.5,1.7,5.56,3.6,1.73,5.8,3.6,1.67,both,2025-09-06 17:00:00,53,A,True,24,0.4528301886792453,1.6007171688321464,1.73,PSA,0.12928283116785355
2024-09-28,Bologna,Atalanta,0.5119179589902889,0.2792906900393666,0.2087913509703444,Home,0.5119179589902889,H,19:45:00,D,3.0,3.3,2.4,3.1,3.25,2.4,2.85,3.3,2.45,3.03,3.28,2.52,3.0,3.4,2.38,both,2025-09-06 19:45:00,54,H,False,24,0.4444444444444444,1.9534380117712768,3.1,BFH,1.1465619882287232
2024-09-29,Torino,Lazio,0.5482961392759512,0.254808346370611,0.1968955143534377,Home,0.5482961392759512,H,11:30:00,A,2.9,3.1,2.55,2.9,3.1,2.6,2.85,3.2,2.55,2.91,3.24,2.63,2.9,3.25,2.5,both,2025-09-06 11:30:00,55,H,False,24,0.4363636363636363,1.8238319192262475,2.91,PSH,1.0861680807737526
2024-09-29,Como,Verona,0.3430147314273371,0.2931208798574042,0.3638643887152586,Away,0.3638643887152586,A,14:00:00,H,2.1,3.4,3.6,2.1,3.4,3.7,2.15,3.3,3.5,2.13,3.39,3.7,2.15,3.3,3.5,both,2025-09-06 14:00:00,56,A,False,24,0.4285714285714285,2.748276641005801,3.7,BFA,0.9517233589941991
2024-09-29,Empoli,Fiorentina,0.2746946239176712,0.2822937559328474,0.4430116201494813,Away,0.4430116201494813,A,17:00:00,D,3.4,3.3,2.2,3.5,3.25,2.25,3.4,3.3,2.2,3.48,3.27,2.27,3.4,3.3,2.2,both,2025-09-06 17:00:00,58,A,False,25,0.4310344827586206,2.2572771334137447,2.27,PSA,0.012722866586255321
2024-09-30,Parma,Cagliari,0.2532827473470964,0.2812545616326268,0.4654626910202767,Away,0.4654626910202767,A,19:45:00,A,2.1,3.6,3.4,2.1,3.6,3.4,2.1,3.5,3.3,2.13,3.62,3.45,2.1,3.6,3.4,both,2025-09-06 19:45:00,60,A,True,27,0.45,2.1483999024885057,3.45,PSA,1.3016000975114945
2024-10-04,Napoli,Como,0.7086912539852811,0.1920404992243274,0.0992682467903914,Home,0.7086912539852811,H,17:30:00,H,1.45,4.33,7.0,1.4,4.6,8.0,1.44,4.6,7.0,1.46,4.58,7.73,1.44,4.6,7.0,both,2025-09-06 17:30:00,61,H,True,28,0.4590163934426229,1.4110517018187572,1.46,PSH,0.0489482981812428
2024-10-04,Verona,Venezia,0.5627402696882579,0.2620271053858614,0.1752326249258808,Home,0.5627402696882579,H,19:45:00,H,2.5,3.2,2.9,2.45,3.1,3.1,2.45,3.2,3.0,2.52,3.18,3.16,2.45,3.2,3.0,both,2025-09-06 19:45:00,62,H,True,29,0.4677419354838709,1.7770187311350076,2.52,PSH,0.7429812688649924
2024-10-05,Udinese,Lecce,0.5676499063624676,0.2676742116895135,0.1646758819480188,Home,0.5676499063624676,H,14:00:00,H,2.2,3.3,3.3,2.25,3.25,3.4,2.2,3.25,3.3,2.3,3.22,3.47,2.2,3.3,3.4,both,2025-09-06 14:00:00,63,H,True,30,0.4761904761904761,1.7616491939689658,2.3,PSH,0.538350806031034
2024-10-06,Juventus,Cagliari,0.7191356881640142,0.185865864901433,0.0949984469345527,Home,0.7191356881640142,H,11:30:00,D,1.38,5.0,8.0,1.33,5.0,10.0,1.38,4.75,8.5,1.38,4.94,9.15,1.4,4.6,9.0,both,2025-09-06 11:30:00,66,H,False,32,0.4848484848484848,1.390558160940455,1.4,WHH,0.009441839059544987
2024-10-06,Bologna,Parma,0.6287826568665672,0.2351656218971299,0.1360517212363028,Home,0.6287826568665672,H,14:00:00,D,1.8,3.7,4.33,1.85,3.75,4.33,1.77,3.8,4.33,1.87,3.8,4.23,1.83,3.7,4.2,both,2025-09-06 14:00:00,68,H,False,33,0.4852941176470588,1.5903746534348324,1.87,PSH,0.2796253465651677
2024-10-06,Monza,Roma,0.1697138923886894,0.2399832708734221,0.5903028367378884,Away,0.5903028367378884,A,17:00:00,D,4.2,3.4,1.91,4.2,3.4,1.91,4.1,3.3,1.95,4.29,3.38,1.98,4.2,3.3,1.95,both,2025-09-06 17:00:00,69,A,False,33,0.4782608695652174,1.694045730029295,1.98,PSA,0.28595426997070494
2024-10-06,Fiorentina,Milan,0.2295875069663941,0.2474147883301025,0.5229977047035033,Away,0.5229977047035033,A,19:45:00,H,3.1,3.6,2.2,3.4,3.5,2.2,3.1,3.5,2.2,3.35,3.55,2.21,3.2,3.5,2.2,both,2025-09-06 19:45:00,70,A,False,33,0.4714285714285714,1.9120542805573453,2.21,PSA,0.2979457194426547
2024-10-19,Genoa,Bologna,0.2051807986299432,0.2605552604148001,0.5342639409552566,Away,0.5342639409552566,A,14:00:00,D,3.75,3.1,2.15,3.8,3.1,2.2,3.6,3.1,2.15,3.85,3.16,2.19,3.6,3.2,2.2,both,2025-09-06 14:00:00,71,A,False,33,0.4647887323943662,1.871734031332928,2.2,BFA,0.32826596866707214
2024-10-19,Juventus,Lazio,0.533651882549732,0.2698389163297949,0.196509201120473,Home,0.533651882549732,H,19:45:00,H,2.05,3.3,3.8,2.05,3.3,3.9,2.05,3.25,3.8,2.05,3.34,4.05,2.05,3.3,3.8,both,2025-09-06 19:45:00,74,H,True,35,0.4729729729729729,1.8738807689052013,2.05,B365H,0.17611923109479855
2024-10-20,Empoli,Napoli,0.1466027469420085,0.20870086898815,0.6446963840698414,Away,0.6446963840698414,A,11:30:00,A,6.0,3.5,1.67,6.0,3.6,1.67,5.25,3.8,1.66,5.58,3.79,1.68,5.5,3.75,1.67,both,2025-09-06 11:30:00,75,A,True,36,0.48,1.5511177427228562,1.68,PSA,0.12888225727714375
2024-10-20,Lecce,Fiorentina,0.1826484099219755,0.2457115744864652,0.5716400155915592,Away,0.5716400155915592,A,14:00:00,A,3.2,3.3,2.3,3.2,3.3,2.3,2.95,3.25,2.4,3.3,3.27,2.35,3.0,3.3,2.4,both,2025-09-06 14:00:00,76,A,True,37,0.4868421052631579,1.749352691772556,2.4,BWA,0.650647308227444
2024-10-20,Cagliari,Torino,0.201069257564192,0.2662319458961653,0.5326987965396427,Away,0.5326987965396427,A,17:00:00,H,2.8,3.1,2.7,2.75,3.1,2.7,2.75,3.25,2.6,2.85,3.18,2.72,2.8,3.2,2.6,both,2025-09-06 17:00:00,78,A,False,38,0.4871794871794871,1.8772334506777533,2.72,PSA,0.8427665493222469
2024-10-25,Udinese,Cagliari,0.5521551612315988,0.2769719697935045,0.1708728689748966,Home,0.5521551612315988,H,17:30:00,H,2.2,3.3,3.3,2.25,3.2,3.5,2.25,3.1,3.4,2.29,3.21,3.58,2.3,3.0,3.5,both,2025-09-06 17:30:00,81,H,True,40,0.4938271604938271,1.811085126451539,2.3,WHH,0.48891487354846075
2024-10-25,Torino,Como,0.6215204638059336,0.2480760163425539,0.1304035198515124,Home,0.6215204638059336,H,19:45:00,H,2.63,3.0,2.9,2.63,3.0,3.0,2.6,3.0,2.87,2.75,3.03,3.0,2.7,3.0,2.9,both,2025-09-06 19:45:00,82,H,True,41,0.5,1.608957481265242,2.75,PSH,1.141042518734758
2024-10-27,Parma,Empoli,0.2436840672201085,0.2661897009302077,0.4901262318496838,Away,0.4901262318496838,A,11:30:00,D,2.15,3.3,3.5,2.2,3.3,3.4,2.2,3.4,3.25,2.19,3.45,3.49,2.2,3.3,3.4,both,2025-09-06 11:30:00,85,A,False,43,0.5058823529411764,2.040290714957466,3.5,B365A,1.4597092850425342
2024-10-27,Monza,Venezia,0.4840057589080448,0.33162804765519,0.1843661934367652,Home,0.4840057589080448,H,14:00:00,D,2.15,3.25,3.6,2.2,3.1,3.75,2.15,3.2,3.5,2.19,3.24,3.74,2.2,3.2,3.6,both,2025-09-06 14:00:00,86,H,False,43,0.5,2.06609111894883,2.2,BFH,0.13390888105117016
2024-10-27,Lazio,Genoa,0.6589892655814935,0.2136962339530499,0.1273145004654564,Home,0.6589892655814935,H,14:00:00,H,1.53,4.2,6.25,1.5,4.33,7.0,1.53,4.1,6.0,1.52,4.36,6.57,1.55,4.2,6.0,both,2025-09-06 14:00:00,87,H,True,44,0.5057471264367817,1.5174754009347904,1.55,WHH,0.03252459906520966
2024-10-27,Fiorentina,Roma,0.5178994715786631,0.2755082191261838,0.2065923092951531,Home,0.5178994715786631,H,19:45:00,H,2.55,3.4,2.75,2.63,3.25,2.8,2.5,3.3,2.75,2.6,3.24,2.95,2.6,3.2,2.8,both,2025-09-06 19:45:00,89,H,True,45,0.5056179775280899,1.930876656336019,2.63,BFH,0.699123343663981
2024-10-29,Cagliari,Bologna,0.2006966072338388,0.2939952658468092,0.505308126919352,Away,0.505308126919352,A,17:30:00,A,3.0,3.25,2.35,3.1,3.2,2.5,2.95,3.1,2.5,3.25,3.19,2.46,3.1,3.25,2.4,both,2025-09-06 17:30:00,90,A,True,46,0.5111111111111111,1.9789905341451228,2.5,BFA,0.5210094658548772
2024-10-29,Lecce,Verona,0.3426749506601619,0.3013442138314515,0.3559808355083866,Away,0.3559808355083866,A,17:30:00,H,2.25,3.25,3.25,2.3,3.1,3.4,2.37,3.1,3.1,2.34,3.25,3.41,2.38,3.1,3.25,both,2025-09-06 17:30:00,91,A,False,46,0.5054945054945055,2.8091399880329817,3.41,PSA,0.6008600119670184
2024-10-29,Milan,Napoli,0.5332730043707367,0.2576681088543401,0.2090588867749231,Home,0.5332730043707367,H,19:45:00,A,2.45,3.4,2.8,2.5,3.4,2.88,2.45,3.3,2.85,2.59,3.4,2.88,2.45,3.5,2.8,both,2025-09-06 19:45:00,92,H,False,46,0.5,1.87521211800324,2.59,PSH,0.7147878819967599
2024-10-30,Venezia,Udinese,0.2292218727153938,0.2834747734128698,0.4873033538717364,Away,0.4873033538717364,A,17:30:00,H,2.7,3.25,2.65,2.75,3.2,2.75,2.7,3.2,2.7,2.82,3.16,2.77,2.8,3.1,2.7,both,2025-09-06 17:30:00,94,A,False,47,0.5,2.0521098245164366,2.77,PSA,0.7178901754835634
2024-10-30,Juventus,Parma,0.7333196805138728,0.1831403866661901,0.0835399328199369,Home,0.7333196805138728,H,19:45:00,D,1.4,4.75,8.0,1.4,4.75,8.0,1.38,5.0,7.75,1.41,4.95,7.98,1.4,4.75,8.0,both,2025-09-06 19:45:00,96,H,False,48,0.5,1.3636617515832268,1.41,PSH,0.04633824841677314
2024-10-31,Genoa,Fiorentina,0.1606542030726319,0.261048967669055,0.5782968292583129,Away,0.5782968292583129,A,17:30:00,A,4.2,3.9,1.8,4.5,3.75,1.8,4.33,3.6,1.82,4.64,3.74,1.81,4.33,3.6,1.83,both,2025-09-06 17:30:00,97,A,True,49,0.5051546391752577,1.7292157753701278,1.83,WHA,0.10078422462987224
2024-10-31,Como,Lazio,0.1386217075285085,0.2135016559801298,0.6478766364913617,Away,0.6478766364913617,A,19:45:00,A,2.88,3.3,2.45,2.9,3.3,2.5,2.8,3.3,2.5,2.98,3.32,2.52,2.88,3.4,2.45,both,2025-09-06 19:45:00,98,A,True,50,0.5102040816326531,1.5435037222758892,2.52,PSA,0.9764962777241109
2024-11-02,Bologna,Lecce,0.629151177121711,0.2392360664792903,0.1316127563989987,Home,0.629151177121711,H,14:00:00,H,1.62,3.5,6.5,1.65,3.6,6.5,1.63,3.7,5.75,1.65,3.58,5.9,1.65,3.7,5.8,both,2025-09-06 14:00:00,100,H,True,52,0.52,1.5894431042390744,1.65,BFH,0.06055689576092549
2024-11-02,Udinese,Juventus,0.1268182370928395,0.1874618465920635,0.6857199163150969,Away,0.6857199163150969,A,17:00:00,A,4.2,3.2,1.95,4.5,3.2,1.95,4.1,3.2,1.98,4.24,3.14,2.01,4.2,3.2,2.0,both,2025-09-06 17:00:00,101,A,True,53,0.5247524752475248,1.458321358629589,2.01,PSA,0.5516786413704109
2024-11-02,Monza,Milan,0.1674762102170232,0.2338976987669017,0.598626091016075,Away,0.598626091016075,A,19:45:00,A,5.0,3.6,1.7,5.0,3.9,1.67,5.0,3.7,1.71,4.96,3.75,1.71,5.0,3.8,1.7,both,2025-09-06 19:45:00,102,A,True,54,0.5294117647058824,1.6704918395766128,1.71,BWA,0.03950816042338712
2024-11-03,Napoli,Atalanta,0.5014189228511327,0.2709940366335652,0.2275870405153021,Home,0.5014189228511327,H,11:30:00,A,2.05,3.4,3.7,2.05,3.4,3.8,2.05,3.5,3.5,2.11,3.31,3.64,2.05,3.5,3.6,both,2025-09-06 11:30:00,103,H,False,54,0.5242718446601942,1.9943403697528428,2.11,PSH,0.11565963024715709
2024-11-04,Empoli,Como,0.4295134037894353,0.3026106316178046,0.2678759645927602,Home,0.4295134037894353,H,17:30:00,H,2.7,3.1,2.63,2.7,3.25,2.7,2.75,3.2,2.6,2.75,3.04,2.8,2.7,3.2,2.7,both,2025-09-06 17:30:00,107,H,True,57,0.5327102803738317,2.3282160490857238,2.75,BWH,0.42178395091427623
2024-11-04,Lazio,Cagliari,0.701322869040434,0.1935926087037091,0.1050845222558569,Home,0.701322869040434,H,19:45:00,H,1.5,3.75,7.5,1.44,4.6,7.0,1.52,4.2,6.5,1.51,4.14,6.57,1.53,4.2,6.5,both,2025-09-06 19:45:00,109,H,True,58,0.5321100917431193,1.4258767882020202,1.53,WHH,0.10412321179797979
2024-11-07,Genoa,Como,0.4221490717259429,0.3299820315987177,0.2478688966753393,Home,0.4221490717259429,H,19:45:00,D,2.88,3.3,2.45,3.1,3.25,2.4,2.95,3.2,2.45,3.11,3.0,2.54,3.0,3.0,2.3,both,2025-09-06 19:45:00,110,H,False,58,0.5272727272727272,2.368831455465559,3.11,PSH,0.7411685445344407
2024-11-08,Lecce,Empoli,0.3044477601887133,0.2902270812686685,0.4053251585426181,Away,0.4053251585426181,A,19:45:00,D,2.4,3.0,3.3,2.4,2.88,3.4,2.4,2.95,3.3,2.48,2.97,3.48,2.45,2.88,3.4,both,2025-09-06 19:45:00,111,A,False,58,0.5225225225225225,2.467155020911081,3.48,PSA,1.0128449790889191
2024-11-09,Venezia,Parma,0.4461692024037752,0.3180621757394269,0.2357686218567978,Home,0.4461692024037752,H,14:00:00,A,2.55,3.4,2.7,2.63,3.3,2.8,2.55,3.5,2.6,2.61,3.33,2.85,2.5,3.4,2.8,both,2025-09-06 14:00:00,112,H,False,58,0.5178571428571429,2.24130216656016,2.63,BFH,0.3886978334398399
2024-11-10,Fiorentina,Verona,0.7001747949653323,0.1961935747263,0.1036316303083675,Home,0.7001747949653323,H,14:00:00,H,1.44,4.5,7.0,1.44,4.5,7.5,1.44,4.6,7.0,1.46,4.65,7.21,1.44,4.4,7.5,both,2025-09-06 14:00:00,116,H,True,61,0.5258620689655172,1.4282147932067633,1.46,PSH,0.03178520679323671
2024-11-10,Roma,Bologna,0.5276002625982932,0.2621511212790675,0.2102486161226392,Home,0.5276002625982932,H,14:00:00,A,2.05,3.4,3.6,2.1,3.3,3.8,2.05,3.3,3.6,2.14,3.31,3.78,2.1,3.4,3.6,both,2025-09-06 14:00:00,117,H,False,61,0.5213675213675214,1.8953743409361887,2.14,PSH,0.2446256590638114
2024-11-10,Monza,Lazio,0.1574964817161003,0.2206154546345618,0.6218880636493378,Away,0.6218880636493378,A,17:00:00,A,4.1,3.8,1.83,5.0,3.6,1.75,4.33,3.5,1.83,4.58,3.49,1.88,4.4,3.5,1.85,both,2025-09-06 17:00:00,118,A,True,62,0.5254237288135594,1.6080064218178451,1.88,PSA,0.27199357818215475
2024-11-10,Inter,Napoli,0.5558273766432588,0.2577739296713148,0.1863986936854263,Home,0.5558273766432588,H,19:45:00,D,1.85,3.7,4.1,1.87,3.7,4.1,1.87,3.6,4.1,1.88,3.72,4.25,1.91,3.6,4.0,both,2025-09-06 19:45:00,119,H,False,62,0.5210084033613446,1.7991197303723674,1.91,WHH,0.11088026962763253
2024-11-23,Milan,Juventus,0.4560515125028163,0.2840852947363265,0.2598631927608572,Home,0.4560515125028163,H,17:00:00,D,2.15,3.3,3.5,2.2,3.25,3.6,2.15,3.25,3.4,2.21,3.27,3.63,2.15,3.25,3.4,both,2025-09-06 17:00:00,121,H,False,63,0.5206611570247934,2.192734751633621,2.21,PSH,0.017265248366379105
2024-11-23,Parma,Atalanta,0.1485174576729115,0.2403498568397649,0.6111326854873235,Away,0.6111326854873235,A,19:45:00,A,5.0,4.2,1.62,5.0,4.33,1.65,4.8,4.1,1.65,5.17,4.27,1.64,4.75,4.2,1.62,both,2025-09-06 19:45:00,122,A,True,64,0.5245901639344263,1.6363058689989551,1.65,BFA,0.013694131001044774
2024-11-24,Genoa,Cagliari,0.4629282068221586,0.3337543301628433,0.203317463014998,Home,0.4629282068221586,H,11:30:00,D,2.63,3.1,2.9,2.7,3.1,2.88,2.55,3.25,2.8,2.68,3.15,2.92,2.6,3.2,2.75,both,2025-09-06 11:30:00,123,H,False,64,0.5203252032520326,2.1601621704252,2.7,BFH,0.5398378295748003
2024-11-24,Torino,Monza,0.5284734124215981,0.3022315229207835,0.1692950646576184,Home,0.5284734124215981,H,14:00:00,D,2.0,3.0,4.33,2.05,3.0,4.4,2.0,3.1,4.2,2.09,2.99,4.51,2.05,3.0,4.2,both,2025-09-06 14:00:00,124,H,False,64,0.5161290322580645,1.8922427817470489,2.09,PSH,0.197757218252951
2024-11-24,Como,Fiorentina,0.0863751007405002,0.1670711355934234,0.7465537636660764,Away,0.7465537636660764,A,14:00:00,A,3.3,3.1,2.3,3.4,3.25,2.25,3.1,3.25,2.35,3.29,3.27,2.36,3.1,3.2,2.3,both,2025-09-06 14:00:00,125,A,True,65,0.52,1.339488257469005,2.36,PSA,1.0205117425309949
2024-11-24,Napoli,Roma,0.5798659466033877,0.2556184842490032,0.1645155691476089,Home,0.5798659466033877,H,17:00:00,H,1.73,3.6,5.0,1.75,3.6,5.0,1.75,3.6,4.8,1.75,3.66,5.2,1.75,3.5,4.75,both,2025-09-06 17:00:00,126,H,True,66,0.5238095238095238,1.7245365172029532,1.75,BFH,0.0254634827970468
2024-11-25,Empoli,Udinese,0.3921372656887821,0.3366305315603178,0.2712322027509001,Home,0.3921372656887821,H,17:30:00,D,2.8,2.9,2.8,2.9,2.8,2.8,2.7,2.95,2.87,2.94,2.85,2.92,2.8,2.75,2.88,both,2025-09-06 17:30:00,128,H,False,67,0.5234375,2.550127436227001,2.94,PSH,0.38987256377299895
2024-11-25,Venezia,Lecce,0.348207379778017,0.3029432600248854,0.3488493601970976,Away,0.3488493601970976,A,19:45:00,A,2.3,3.25,3.2,2.25,3.3,3.3,2.3,3.3,3.1,2.39,3.29,3.22,2.3,3.2,3.1,both,2025-09-06 19:45:00,129,A,True,68,0.5271317829457365,2.8665668167916563,3.3,BFA,0.43343318320834356
2024-11-30,Como,Monza,0.320990142962531,0.276092708387707,0.4029171486497619,Away,0.4029171486497619,A,14:00:00,D,2.0,3.25,3.9,2.1,3.25,3.9,2.05,3.25,3.9,2.08,3.31,3.98,2.05,3.25,3.75,both,2025-09-06 14:00:00,131,A,False,69,0.5267175572519084,2.481899823204735,3.98,PSA,1.498100176795265
2024-11-30,Bologna,Venezia,0.6001944103084422,0.26449991724659,0.1353056724449677,Home,0.6001944103084422,H,19:45:00,H,1.65,3.9,5.25,1.65,3.9,5.5,1.62,3.9,5.5,1.67,3.91,5.53,1.65,3.8,5.0,both,2025-09-06 19:45:00,133,H,True,71,0.5338345864661654,1.666126812953983,1.67,PSH,0.0038731870460169127
2024-12-01,Torino,Napoli,0.1766385273737788,0.2657886401487909,0.5575728324774302,Away,0.5575728324774302,A,14:00:00,A,5.0,3.4,1.8,5.5,3.4,1.75,4.75,3.3,1.83,5.07,3.52,1.81,4.6,3.4,1.8,both,2025-09-06 14:00:00,135,A,True,72,0.5333333333333333,1.7934876696856974,1.83,BWA,0.03651233031430268
2024-12-01,Parma,Lazio,0.1190877475254087,0.204121948912453,0.6767903035621382,Away,0.6767903035621382,A,14:00:00,H,4.2,3.8,1.8,4.2,3.9,1.85,3.9,3.7,1.88,4.29,3.94,1.82,4.0,3.8,1.8,both,2025-09-06 14:00:00,136,A,False,72,0.5294117647058824,1.4775625400315548,1.88,BWA,0.40243745996844504
2024-12-02,Roma,Atalanta,0.1749245053685091,0.2432924576369489,0.5817830369945419,Away,0.5817830369945419,A,19:45:00,A,3.2,3.5,2.2,3.3,3.4,2.25,3.0,3.4,2.3,3.33,3.51,2.23,3.2,3.4,2.2,both,2025-09-06 19:45:00,138,A,True,73,0.5289855072463768,1.7188538276501548,2.3,BWA,0.581146172349845
2024-12-06,Atalanta,Milan,0.484977428690386,0.2708111288112472,0.2442114424983668,Home,0.484977428690386,H,19:45:00,H,2.15,3.4,3.3,2.15,3.4,3.4,2.1,3.5,3.4,2.21,3.53,3.43,2.15,3.4,3.3,both,2025-09-06 19:45:00,140,H,True,75,0.5357142857142857,2.0619516308219965,2.21,PSH,0.14804836917800346
2024-12-07,Genoa,Torino,0.3229576580146133,0.3077918172923323,0.3692505246930543,Away,0.3692505246930543,A,14:00:00,D,2.5,3.1,3.0,2.5,3.0,3.1,2.45,3.1,3.1,2.54,3.08,3.18,2.38,3.1,3.1,both,2025-09-06 14:00:00,141,A,False,75,0.5319148936170213,2.708188433398346,3.18,PSA,0.47181156660165424
2024-12-08,Fiorentina,Cagliari,0.7013606059127533,0.1930900413751517,0.105549352712095,Home,0.7013606059127533,H,11:30:00,H,1.5,4.5,6.0,1.5,4.5,6.0,1.49,4.5,6.0,1.53,4.54,6.18,1.5,4.33,5.8,both,2025-09-06 11:30:00,144,H,True,77,0.5347222222222222,1.4258000685661498,1.53,PSH,0.1041999314338502
2024-12-08,Venezia,Como,0.4014738384413889,0.2922561399968355,0.3062700215617756,Home,0.4014738384413889,H,17:00:00,D,2.75,3.3,2.6,2.8,3.25,2.63,2.65,3.4,2.6,2.8,3.32,2.67,2.7,3.4,2.5,both,2025-09-06 17:00:00,146,H,False,77,0.5273972602739726,2.4908223257640483,2.8,BFH,0.30917767423595155
2024-12-09,Monza,Udinese,0.3635238496331001,0.3586586248156567,0.2778175255512433,Home,0.3635238496331001,H,19:45:00,A,2.7,3.0,2.88,2.8,3.0,2.8,2.65,3.1,2.75,2.74,3.07,2.92,2.7,3.0,2.75,both,2025-09-06 19:45:00,148,H,False,77,0.5202702702702703,2.750851150507146,2.8,BFH,0.04914884949285403
2024-12-13,Empoli,Torino,0.2729734631552196,0.2953805958117651,0.4316459410330152,Away,0.4316459410330152,A,19:45:00,A,2.7,2.88,3.0,2.7,2.88,3.1,2.7,2.8,3.0,2.75,2.89,3.15,2.62,2.88,3.0,both,2025-09-06 19:45:00,149,A,True,78,0.5234899328859061,2.31671354908794,3.15,PSA,0.8332864509120599
2024-12-14,Cagliari,Atalanta,0.0990314816867567,0.1915357213779653,0.7094327969352779,Away,0.7094327969352779,A,14:00:00,A,5.5,4.33,1.55,5.5,4.4,1.55,5.25,4.2,1.58,6.01,4.43,1.55,5.5,4.2,1.55,both,2025-09-06 14:00:00,150,A,True,79,0.5266666666666666,1.4095767834810584,1.58,BWA,0.17042321651894166
2024-12-15,Lecce,Monza,0.4428901488663991,0.3026045845150631,0.2545052666185377,Home,0.4428901488663991,H,11:30:00,H,2.45,3.0,3.2,2.55,3.0,3.1,2.45,3.1,3.1,2.6,3.08,3.1,2.45,3.1,3.0,both,2025-09-06 11:30:00,153,H,True,81,0.5294117647058824,2.257896235803739,2.6,PSH,0.3421037641962612
2024-12-15,Parma,Verona,0.298752558947408,0.346355365992318,0.3548920750602738,Away,0.3548920750602738,A,14:00:00,A,1.85,3.75,4.0,1.87,3.6,4.33,1.85,3.7,4.1,1.88,3.56,4.49,1.83,3.5,4.2,both,2025-09-06 14:00:00,154,A,True,82,0.5324675324675324,2.817758046105039,4.49,PSA,1.6722419538949613
2024-12-15,Bologna,Fiorentina,0.3604642577431094,0.3326988784130616,0.3068368638438289,Home,0.3604642577431094,H,14:00:00,H,2.7,3.1,2.75,2.7,3.1,2.8,2.65,3.1,2.8,2.79,3.11,2.83,2.62,3.2,2.7,both,2025-09-06 14:00:00,155,H,True,83,0.535483870967742,2.7742001558242317,2.79,PSH,0.015799844175768296
2024-12-15,Como,Roma,0.1915749027795456,0.2498657654149463,0.5585593318055081,Away,0.5585593318055081,A,17:00:00,H,3.25,3.4,2.2,3.5,3.25,2.2,3.4,3.25,2.2,3.44,3.27,2.29,3.3,3.25,2.2,both,2025-09-06 17:00:00,156,A,False,83,0.532051282051282,1.7903201021949853,2.29,PSA,0.49967989780501476
2024-12-16,Lazio,Inter,0.2292988902308419,0.2645117664727653,0.5061893432963928,Away,0.5061893432963928,A,19:45:00,A,3.6,3.4,2.1,3.7,3.3,2.1,3.4,3.4,2.1,3.66,3.38,2.15,3.5,3.3,2.1,both,2025-09-06 19:45:00,158,A,True,84,0.5316455696202531,1.9755453433448968,2.15,PSA,0.17445465665510307
2024-12-21,Torino,Bologna,0.3973448221945409,0.2888327923619386,0.3138223854435202,Home,0.3973448221945409,H,14:00:00,A,3.3,2.9,2.45,3.4,2.88,2.45,3.2,2.87,2.5,3.43,2.91,2.51,3.25,2.9,2.5,both,2025-09-06 14:00:00,160,H,False,85,0.53125,2.5167057531465646,3.43,PSH,0.9132942468534355
2024-12-21,Lecce,Lazio,0.1793951428326328,0.2395253024097771,0.58107955475759,Away,0.58107955475759,A,19:45:00,A,5.0,3.6,1.73,5.0,3.6,1.73,4.6,3.6,1.77,5.08,3.67,1.76,4.8,3.5,1.75,both,2025-09-06 19:45:00,162,A,True,87,0.5370370370370371,1.720934752930985,1.77,BWA,0.04906524706901494
2024-12-22,Venezia,Cagliari,0.3275036152827318,0.2941206692174249,0.3783757154998433,Away,0.3783757154998433,A,14:00:00,H,2.5,3.3,2.88,2.55,3.3,2.88,2.4,3.4,2.85,2.57,3.24,2.98,2.5,3.25,2.9,both,2025-09-06 14:00:00,164,A,False,88,0.5365853658536586,2.64287574237944,2.98,PSA,0.3371242576205602
2024-12-22,Monza,Juventus,0.1579179092502053,0.2289671804115837,0.6131149103382109,Away,0.6131149103382109,A,19:45:00,A,6.25,3.5,1.65,6.0,3.6,1.62,5.5,3.6,1.68,5.98,3.71,1.67,5.5,3.6,1.67,both,2025-09-06 19:45:00,166,A,True,90,0.5421686746987951,1.6310156271495222,1.68,BWA,0.04898437285047774
2024-12-23,Fiorentina,Udinese,0.6657527588820514,0.2097471509928372,0.1245000901251113,Home,0.6657527588820514,H,17:30:00,A,1.6,3.8,6.0,1.57,4.0,6.0,1.6,4.0,5.5,1.62,4.04,5.83,1.62,4.0,5.5,both,2025-09-06 17:30:00,167,H,False,90,0.5389221556886228,1.5020591152776066,1.62,PSH,0.1179408847223935
2024-12-28,Empoli,Genoa,0.4448828320116634,0.2961395331560839,0.2589776348322526,Home,0.4448828320116634,H,14:00:00,A,2.55,2.9,3.1,2.63,2.88,3.25,2.5,2.9,3.2,2.57,2.9,3.34,2.5,2.8,3.1,both,2025-09-06 14:00:00,169,H,False,91,0.5384615384615384,2.2477828498758146,2.63,BFH,0.38221715012418533
2024-12-28,Parma,Monza,0.3521472742877314,0.2927387682197759,0.3551139574924926,Away,0.3551139574924926,A,14:00:00,H,2.3,3.5,3.0,2.3,3.4,3.1,2.3,3.4,3.0,2.33,3.57,3.09,2.25,3.3,3.0,both,2025-09-06 14:00:00,170,A,False,91,0.5352941176470588,2.815997453496716,3.1,BFA,0.28400254650328405
2024-12-28,Lazio,Atalanta,0.2568873770381953,0.2799898629615417,0.463122760000263,Away,0.463122760000263,A,19:45:00,D,3.0,3.3,2.4,3.0,3.4,2.4,2.85,3.4,2.4,2.99,3.39,2.48,2.8,3.3,2.45,both,2025-09-06 19:45:00,172,A,False,92,0.5348837209302325,2.1592547081888878,2.48,PSA,0.3207452918111122
2024-12-29,Juventus,Fiorentina,0.5198760597369779,0.2828823313341177,0.1972416089289043,Home,0.5198760597369779,H,17:00:00,D,1.95,3.3,4.2,1.91,3.4,4.33,1.95,3.4,3.9,1.96,3.32,4.45,1.91,3.4,3.9,both,2025-09-06 17:00:00,175,H,False,93,0.5314285714285715,1.923535391312176,1.96,PSH,0.036464608687823974
2024-12-29,Milan,Roma,0.5980265201017345,0.2487997798260028,0.1531737000722626,Home,0.5980265201017345,H,19:45:00,D,2.25,3.4,3.2,2.25,3.4,3.3,2.15,3.5,3.3,2.26,3.51,3.27,2.2,3.4,3.1,both,2025-09-06 19:45:00,176,H,False,93,0.5284090909090909,1.6721666454355284,2.26,PSH,0.5878333545644714
2024-12-30,Bologna,Verona,0.6878302666597405,0.2029130668396255,0.109256666500634,Home,0.6878302666597405,H,19:45:00,A,1.5,4.1,7.0,1.5,4.2,7.0,1.55,4.0,6.25,1.51,4.28,6.99,1.5,3.75,6.5,both,2025-09-06 19:45:00,178,H,False,94,0.5280898876404494,1.4538470440625222,1.55,BWH,0.09615295593747786
2025-01-04,Fiorentina,Napoli,0.3846889332634239,0.2976540355104808,0.3176570312260952,Home,0.3846889332634239,H,17:00:00,A,2.88,3.25,2.55,2.9,3.2,2.55,2.9,3.2,2.5,2.97,3.2,2.6,2.88,3.1,2.5,both,2025-09-06 17:00:00,180,H,False,94,0.5222222222222223,2.599502906196755,2.97,PSH,0.370497093803245
2025-01-04,Verona,Udinese,0.3696201007800614,0.2968643499186577,0.3335155493012808,Home,0.3696201007800614,H,19:45:00,D,3.0,3.0,2.55,3.1,3.0,2.55,3.1,3.0,2.45,3.21,3.06,2.53,2.9,3.0,2.45,both,2025-09-06 19:45:00,181,H,False,94,0.5193370165745856,2.7054805674517133,3.21,PSH,0.5045194325482867
2025-01-05,Monza,Cagliari,0.4384622303525153,0.3292187470373077,0.2323190226101769,Home,0.4384622303525153,H,11:30:00,A,2.4,3.25,3.0,2.5,3.2,3.0,2.4,3.25,3.0,2.49,3.26,3.08,2.4,3.1,3.0,both,2025-09-06 11:30:00,182,H,False,94,0.5164835164835165,2.2806981554511983,2.5,BFH,0.21930184454880175
2025-01-05,Lecce,Genoa,0.3127867071598921,0.3022533938984781,0.3849598989416298,Away,0.3849598989416298,A,14:00:00,D,2.63,3.0,2.9,2.7,2.9,3.0,2.65,2.95,2.9,2.72,3.02,2.99,2.62,2.9,2.9,both,2025-09-06 14:00:00,183,A,False,94,0.5136612021857924,2.597673167385226,3.0,BFA,0.402326832614774
2025-01-05,Torino,Parma,0.5658228218927731,0.2657741335420046,0.1684030445652223,Home,0.5658228218927731,H,17:00:00,D,1.85,3.4,4.5,1.87,3.5,4.6,1.9,3.5,4.1,1.88,3.58,4.42,1.91,3.3,4.0,both,2025-09-06 17:00:00,184,H,False,94,0.5108695652173914,1.7673376917792585,1.91,WHH,0.14266230822074144
2025-01-05,Roma,Lazio,0.4764583351487119,0.2629031644234271,0.2606385004278609,Home,0.4764583351487119,H,19:45:00,H,2.55,3.1,3.0,2.55,3.1,2.9,2.5,3.25,2.85,2.58,3.21,2.99,2.5,3.1,2.8,both,2025-09-06 19:45:00,185,H,True,95,0.5135135135135135,2.09881940608276,2.58,PSH,0.48118059391724
2025-01-10,Lazio,Como,0.719779595276536,0.1821898659763911,0.0980305387470728,Home,0.719779595276536,H,19:45:00,D,1.9,3.4,4.2,1.91,3.5,4.0,1.9,3.5,4.0,1.94,3.43,4.38,1.91,3.4,3.9,both,2025-09-06 19:45:00,186,H,False,95,0.510752688172043,1.3893141825113904,1.94,PSH,0.5506858174886096
2025-01-11,Udinese,Atalanta,0.0952939020539959,0.1780373456994689,0.726668752246535,Away,0.726668752246535,A,14:00:00,D,5.25,3.8,1.65,5.0,3.9,1.67,4.8,3.9,1.68,5.24,4.1,1.66,4.8,3.9,1.65,both,2025-09-06 14:00:00,187,A,False,95,0.5080213903743316,1.3761428393727495,1.68,BWA,0.30385716062725043
2025-01-12,Genoa,Parma,0.5988902408873981,0.2536882144175235,0.1474215446950784,Home,0.5988902408873981,H,11:30:00,H,1.91,3.5,4.0,1.91,3.6,4.0,1.95,3.5,3.75,2.0,3.55,3.97,1.95,3.5,3.7,both,2025-09-06 11:30:00,191,H,True,96,0.5026178010471204,1.669755043124868,2.0,PSH,0.330244956875132
2025-01-12,Bologna,Roma,0.5514928873980524,0.2705955270789887,0.1779115855229587,Home,0.5514928873980524,H,17:00:00,D,2.8,3.2,2.6,2.8,3.25,2.63,2.75,3.2,2.65,2.81,3.27,2.69,2.75,3.2,2.5,both,2025-09-06 17:00:00,193,H,False,97,0.5025906735751295,1.8132600126866687,2.81,PSH,0.9967399873133314
2025-01-14,Como,Milan,0.145036357663998,0.2208154385015971,0.6341482038344048,Away,0.6341482038344048,A,17:30:00,A,4.2,3.5,1.9,4.2,3.5,1.91,4.0,3.5,1.93,4.26,3.66,1.92,3.8,3.5,1.91,both,2025-09-06 17:30:00,196,A,True,99,0.5051020408163265,1.576918445804082,1.93,BWA,0.353081554195918
2025-01-14,Atalanta,Juventus,0.5187797504711965,0.2634690686559922,0.2177511808728112,Home,0.5187797504711965,H,19:45:00,D,2.1,3.25,3.7,2.05,3.25,3.9,2.1,3.1,3.8,2.15,3.22,3.98,2.05,3.1,3.7,both,2025-09-06 19:45:00,197,H,False,99,0.5025380710659898,1.927600294906888,2.15,PSH,0.2223997050931119
2025-01-18,Bologna,Monza,0.6525233138551623,0.2304150420347795,0.1170616441100582,Home,0.6525233138551623,H,14:00:00,H,1.6,3.75,6.0,1.6,3.9,6.0,1.63,3.8,5.5,1.61,3.91,6.24,1.62,3.75,5.5,both,2025-09-06 14:00:00,200,H,True,101,0.505,1.532512293073356,1.63,BWH,0.09748770692664399
2025-01-18,Juventus,Milan,0.5190458749624226,0.2675186434795306,0.2134354815580468,Home,0.5190458749624226,H,17:00:00,H,2.15,3.3,3.4,2.15,3.2,3.75,2.2,3.2,3.4,2.22,3.25,3.64,2.15,3.2,3.4,both,2025-09-06 17:00:00,201,H,True,102,0.5074626865671642,1.9266119783196367,2.22,PSH,0.2933880216803635
2025-01-18,Atalanta,Napoli,0.464234067028323,0.2758342278342717,0.2599317051374052,Home,0.464234067028323,H,19:45:00,A,2.25,3.25,3.25,2.38,3.2,3.3,2.25,3.25,3.25,2.37,3.26,3.28,2.3,3.2,3.1,both,2025-09-06 19:45:00,202,H,False,102,0.504950495049505,2.1540857748791407,2.38,BFH,0.22591422512085924
2025-01-19,Parma,Venezia,0.5134261030695626,0.2703131403298979,0.2162607566005394,Home,0.5134261030695626,H,14:00:00,D,2.15,3.7,3.1,2.2,3.5,3.3,2.15,3.6,3.2,2.24,3.54,3.27,2.15,3.5,3.1,both,2025-09-06 14:00:00,205,H,False,103,0.5024390243902439,1.9476999591984376,2.24,PSH,0.2923000408015626
2025-01-24,Torino,Cagliari,0.5465783368171862,0.2742755416235233,0.1791461215592905,Home,0.5465783368171862,H,19:45:00,H,2.2,3.2,3.6,2.25,3.1,3.6,2.25,3.1,3.4,2.25,3.21,3.69,2.3,3.0,3.25,both,2025-09-06 19:45:00,209,H,True,107,0.5119617224880383,1.8295639117773332,2.3,WHH,0.4704360882226666
2025-01-25,Como,Atalanta,0.1653912098540483,0.2235760940053099,0.6110326961406418,Away,0.6110326961406418,A,14:00:00,A,4.2,3.6,1.85,4.33,3.75,1.85,4.0,3.6,1.87,4.31,3.7,1.88,4.0,3.6,1.85,both,2025-09-06 14:00:00,210,A,True,108,0.5142857142857142,1.636573633974293,1.88,PSA,0.243426366025707
2025-01-25,Napoli,Juventus,0.5086501833405225,0.2718391932822866,0.2195106233771909,Home,0.5086501833405225,H,17:00:00,H,2.15,3.1,3.8,2.15,3.0,4.0,2.15,3.1,3.7,2.16,3.12,3.99,2.15,3.0,3.75,both,2025-09-06 17:00:00,211,H,True,109,0.5165876777251185,1.965987692037333,2.16,PSH,0.19401230796266722
2025-01-25,Empoli,Bologna,0.1770132501974076,0.2445458589322385,0.578440890870354,Away,0.578440890870354,A,19:45:00,D,3.8,3.3,2.0,3.9,3.25,2.05,3.6,3.25,2.1,4.03,3.28,2.08,3.75,3.0,2.1,both,2025-09-06 19:45:00,212,A,False,109,0.5141509433962265,1.7287851114663504,2.1,BWA,0.3712148885336497
2025-01-26,Lazio,Fiorentina,0.5271202721151717,0.2826500026409625,0.1902297252438657,Home,0.5271202721151717,H,19:45:00,A,2.0,3.5,3.8,1.95,3.4,4.0,2.05,3.4,3.6,2.0,3.53,3.97,2.0,3.3,3.75,both,2025-09-06 19:45:00,216,H,False,112,0.5185185185185185,1.897100249981484,2.05,BWH,0.15289975001851586
2025-01-27,Venezia,Verona,0.321753800663357,0.3143604525086879,0.363885746827955,Away,0.363885746827955,A,17:30:00,D,2.15,3.5,3.25,2.3,3.3,3.3,2.2,3.4,3.25,2.22,3.41,3.45,2.15,3.3,3.25,both,2025-09-06 17:30:00,217,A,False,112,0.5161290322580645,2.7481153321259364,3.45,PSA,0.7018846678740638
2025-01-27,Genoa,Monza,0.516759590525852,0.2922025329707107,0.1910378765034374,Home,0.516759590525852,H,19:45:00,H,2.25,3.0,3.6,2.2,3.1,3.6,2.2,3.2,3.5,2.28,3.08,3.7,2.25,3.0,3.4,both,2025-09-06 19:45:00,218,H,True,113,0.518348623853211,1.9351358316976857,2.28,PSH,0.34486416830231414
2025-02-01,Monza,Verona,0.4468711918368953,0.2946745929008016,0.258454215262303,Home,0.4468711918368953,H,14:00:00,A,2.3,3.0,3.5,2.3,3.1,3.5,2.25,3.2,3.4,2.38,3.09,3.46,2.25,3.0,3.3,both,2025-09-06 14:00:00,220,H,False,113,0.5136363636363637,2.237781307605509,2.38,PSH,0.1422186923944908
2025-02-01,Bologna,Como,0.6794310196796873,0.2095968935502974,0.1109720867700152,Home,0.6794310196796873,H,19:45:00,H,1.9,3.5,4.2,1.91,3.4,4.33,1.88,3.5,4.2,1.9,3.62,4.29,1.85,3.5,4.0,both,2025-09-06 19:45:00,223,H,True,115,0.515695067264574,1.4718197595267912,1.91,BFH,0.4381802404732087
2025-02-02,Milan,Inter,0.173943669694055,0.2448867528095154,0.5811695774964296,Away,0.5811695774964296,A,17:00:00,D,4.0,3.5,1.91,4.2,3.6,1.91,3.75,3.6,1.95,4.03,3.67,1.94,3.75,3.4,1.95,both,2025-09-06 17:00:00,226,A,False,117,0.5176991150442478,1.7206681814072475,1.95,BWA,0.22933181859275242
2025-02-02,Roma,Napoli,0.1922557285324254,0.2392630426594162,0.5684812288081583,Away,0.5684812288081583,A,19:45:00,D,3.1,3.2,2.38,3.3,3.1,2.4,3.1,3.2,2.35,3.16,3.23,2.46,3.0,3.1,2.4,both,2025-09-06 19:45:00,227,A,False,117,0.5154185022026432,1.7590730341202938,2.46,PSA,0.7009269658797062
2025-02-06,Fiorentina,Inter,0.1755090216717127,0.242582003992636,0.5819089743356514,Away,0.5819089743356514,A,17:00:00,H,3.6,3.5,2.05,3.8,3.5,2.0,3.7,3.5,2.0,3.82,3.56,2.03,3.5,3.6,2.0,both,2025-09-06 17:00:00,229,A,False,118,0.5152838427947598,1.7184818315298729,2.05,B365A,0.33151816847012694
2025-02-07,Como,Juventus,0.1583156019590798,0.2187163651298365,0.6229680329110837,Away,0.6229680329110837,A,19:45:00,A,3.7,3.4,2.05,3.9,3.4,2.0,3.75,3.3,2.05,3.87,3.41,2.07,3.6,3.4,2.0,both,2025-09-06 19:45:00,230,A,True,119,0.5173913043478261,1.6052188028446237,2.07,PSA,0.46478119715537614
2025-02-08,Torino,Genoa,0.5402521837128503,0.2728061084261569,0.1869417078609927,Home,0.5402521837128503,H,19:45:00,D,2.2,3.1,3.6,2.3,2.9,3.75,2.15,3.0,3.75,2.31,2.98,3.77,2.2,3.0,3.5,both,2025-09-06 19:45:00,233,H,False,121,0.51931330472103,1.8509874279962384,2.31,PSH,0.45901257200376167
2025-02-09,Venezia,Roma,0.1531957714533333,0.2404904397499751,0.6063137887966916,Away,0.6063137887966916,A,11:30:00,A,5.0,3.7,1.73,5.0,3.9,1.7,4.75,3.8,1.72,4.97,3.97,1.71,4.6,3.8,1.7,both,2025-09-06 11:30:00,234,A,True,122,0.5213675213675214,1.649310997832706,1.73,B365A,0.08068900216729391
2025-02-09,Cagliari,Parma,0.5367500692253337,0.3039684094803183,0.1592815212943479,Home,0.5367500692253337,H,14:00:00,H,1.85,3.6,4.1,1.87,3.75,4.0,1.9,3.7,3.9,1.89,3.74,4.18,1.85,3.7,3.8,both,2025-09-06 14:00:00,235,H,True,123,0.5234042553191489,1.8630645012179563,1.9,BWH,0.03693549878204361
2025-02-09,Lecce,Bologna,0.1320337524339138,0.2059747147029756,0.6619915328631105,Away,0.6619915328631105,A,17:00:00,D,4.2,3.5,1.91,4.75,3.3,1.87,4.33,3.3,1.9,4.51,3.44,1.91,4.0,3.4,1.85,both,2025-09-06 17:00:00,237,A,False,124,0.5232067510548524,1.510593338973694,1.91,B365A,0.39940666102630584
2025-02-14,Bologna,Torino,0.571462985237041,0.2681431500830405,0.1603938646799185,Home,0.571462985237041,H,19:45:00,H,1.8,3.4,5.0,1.75,3.4,5.5,,,,1.81,3.4,5.47,1.75,3.25,5.0,both,2025-09-06 19:45:00,240,H,True,126,0.525,1.7498946140583422,1.81,PSH,0.06010538594165782
2025-02-15,Atalanta,Cagliari,0.7174580942091884,0.1844374922192277,0.0981044135715838,Home,0.7174580942091884,H,14:00:00,D,1.44,4.75,6.5,1.44,4.75,7.0,,,,1.44,4.9,7.12,1.44,4.6,6.5,both,2025-09-06 14:00:00,241,H,False,126,0.5228215767634855,1.3938096288428397,1.44,B365H,0.04619037115716029
2025-02-15,Lazio,Napoli,0.2711924221851883,0.2626325493947736,0.466175028420038,Away,0.466175028420038,A,17:00:00,D,2.63,3.2,2.8,2.7,3.1,2.8,,,,2.71,3.19,2.85,2.62,3.0,2.75,both,2025-09-06 17:00:00,242,A,False,126,0.5206611570247934,2.1451170462502107,2.85,PSA,0.7048829537497894
2025-02-16,Fiorentina,Como,0.6447561302185293,0.2280014172812224,0.1272424525002484,Home,0.6447561302185293,H,11:30:00,A,2.0,3.5,3.75,2.05,3.4,3.75,,,,2.08,3.52,3.73,1.95,3.5,3.6,both,2025-09-06 11:30:00,244,H,False,127,0.5204918032786885,1.550974008825735,2.08,PSH,0.529025991174265
2025-02-16,Parma,Roma,0.1220199950509456,0.2071317324426033,0.670848272506451,Away,0.670848272506451,A,17:00:00,A,3.6,3.5,2.05,3.75,3.5,2.05,,,,3.65,3.57,2.09,3.6,3.4,2.0,both,2025-09-06 17:00:00,247,A,True,129,0.5222672064777328,1.4906500336711888,2.09,PSA,0.5993499663288111
2025-02-16,Juventus,Inter,0.2230851271481947,0.2513448587305205,0.5255700141212847,Away,0.5255700141212847,A,19:45:00,H,3.4,3.2,2.25,3.4,3.3,2.2,,,,3.54,3.26,2.25,3.2,3.3,2.2,both,2025-09-06 19:45:00,248,A,False,129,0.5201612903225806,1.9026960692799952,2.25,B365A,0.34730393072000476
2025-02-17,Genoa,Venezia,0.5449593563696397,0.293525360179898,0.1615152834504622,Home,0.5449593563696397,H,19:45:00,H,1.85,3.4,4.5,1.91,3.3,4.6,,,,1.88,3.53,4.56,1.91,3.4,4.0,both,2025-09-06 19:45:00,249,H,True,130,0.5220883534136547,1.834999231248562,1.91,BFH,0.07500076875143802
2025-02-21,Lecce,Udinese,0.2915680962468666,0.2865172985129297,0.4219146052402037,Away,0.4219146052402037,A,19:45:00,A,3.0,3.0,2.6,3.0,3.0,2.63,,,,3.03,3.1,2.67,2.9,2.9,2.5,both,2025-09-06 19:45:00,250,A,True,131,0.524,2.370147863050822,2.67,PSA,0.2998521369491778
2025-02-22,Parma,Bologna,0.2047015569613527,0.2591571382827704,0.5361413047558768,Away,0.5361413047558768,A,14:00:00,H,4.0,3.5,1.91,4.2,3.6,1.91,,,,4.06,3.71,1.93,3.9,3.4,1.91,both,2025-09-06 14:00:00,252,A,False,131,0.5198412698412699,1.8651799276225016,1.93,PSA,0.06482007237749832
2025-02-23,Como,Napoli,0.1284595569504227,0.1983073323051642,0.6732331107444129,Away,0.6732331107444129,A,11:30:00,H,3.6,3.0,2.25,3.6,3.1,2.2,,,,3.6,3.2,2.26,3.4,3.1,2.15,both,2025-09-06 11:30:00,255,A,False,132,0.5176470588235295,1.485369605327747,2.26,PSA,0.7746303946722528
2025-02-27,Bologna,Milan,0.4806021761561496,0.2918489780297184,0.2275488458141321,Home,0.4806021761561496,H,19:45:00,H,2.88,3.3,2.5,2.88,3.3,2.55,,,,2.91,3.33,2.58,2.75,3.2,2.5,both,2025-09-06 19:45:00,260,H,True,136,0.5230769230769231,2.080722996300158,2.91,PSH,0.829277003699842
2025-02-28,Fiorentina,Lecce,0.5652517460935366,0.2782645322967082,0.1564837216097551,Home,0.5652517460935366,H,19:45:00,H,1.75,3.4,5.0,1.75,3.4,5.0,,,,1.81,3.56,5.08,1.8,3.4,4.75,both,2025-09-06 19:45:00,261,H,True,137,0.524904214559387,1.7691232391779683,1.81,PSH,0.04087676082203173
2025-03-01,Napoli,Inter,0.381807702978245,0.2666065211223722,0.3515857758993825,Home,0.381807702978245,H,17:00:00,D,3.1,3.2,2.38,3.3,3.1,2.38,,,,3.31,3.18,2.4,3.1,3.1,2.4,both,2025-09-06 17:00:00,263,H,False,137,0.5209125475285171,2.619119499684319,3.31,PSH,0.6908805003156813
2025-03-01,Udinese,Parma,0.6336962658675337,0.237294621548205,0.1290091125842611,Home,0.6336962658675337,H,19:45:00,H,1.8,3.6,4.5,1.8,3.6,4.75,,,,1.81,3.62,4.81,1.8,3.5,4.4,both,2025-09-06 19:45:00,264,H,True,138,0.5227272727272727,1.5780430686789584,1.81,PSH,0.23195693132104167
2025-03-02,Monza,Torino,0.1859524212053232,0.2697447616429075,0.5443028171517692,Away,0.5443028171517692,A,11:30:00,A,4.1,3.3,1.95,4.4,3.3,1.95,,,,4.24,3.39,1.99,3.9,3.25,1.95,both,2025-09-06 11:30:00,265,A,True,139,0.5245283018867924,1.8372126112313831,1.99,PSA,0.15278738876861686
2025-03-02,Bologna,Cagliari,0.6995172314126041,0.1932529337450875,0.1072298348423085,Home,0.6995172314126041,H,14:00:00,H,1.57,3.75,6.5,1.57,4.0,6.5,,,,1.56,4.07,6.55,1.57,3.9,5.8,both,2025-09-06 14:00:00,266,H,True,140,0.5263157894736842,1.4295573505467498,1.57,B365H,0.14044264945325025
2025-03-02,Genoa,Empoli,0.594705156099483,0.2554297144772986,0.1498651294232184,Home,0.594705156099483,H,14:00:00,D,1.91,3.1,4.75,1.95,3.2,4.5,,,,1.98,3.3,4.4,1.95,3.1,4.2,both,2025-09-06 14:00:00,267,H,False,140,0.5243445692883895,1.681505515369567,1.98,PSH,0.29849448463043293
2025-03-02,Roma,Como,0.6316352625367518,0.2316346440611871,0.136730093402061,Home,0.6316352625367518,H,17:00:00,H,1.87,3.6,4.0,1.91,3.5,4.2,,,,1.93,3.7,4.05,1.91,3.5,3.8,both,2025-09-06 17:00:00,268,H,True,141,0.5261194029850746,1.583192166922148,1.93,PSH,0.3468078330778519
2025-03-02,Milan,Lazio,0.5258217005752127,0.2646674990330658,0.2095108003917214,Home,0.5258217005752127,H,19:45:00,A,2.05,3.6,3.5,2.1,3.5,3.6,,,,2.07,3.65,3.61,2.0,3.5,3.4,both,2025-09-06 19:45:00,269,H,False,141,0.5241635687732342,1.901785336942292,2.1,BFH,0.19821466305770818
2025-03-08,Parma,Torino,0.1819958674027484,0.2616260866587299,0.5563780459385216,Away,0.5563780459385216,A,14:00:00,D,3.0,3.25,2.4,3.1,3.2,2.45,,,,3.16,3.23,2.46,3.0,3.1,2.4,both,2025-09-06 14:00:00,273,A,False,142,0.5201465201465202,1.7973390706190762,2.46,PSA,0.6626609293809238
2025-03-09,Empoli,Roma,0.1347162690467674,0.2284853278190454,0.6367984031341872,Away,0.6367984031341872,A,17:00:00,A,3.9,3.3,2.0,4.0,3.4,2.0,,,,4.01,3.53,1.99,3.8,3.3,2.0,both,2025-09-06 17:00:00,278,A,True,147,0.5287769784172662,1.5703556966823586,2.0,B365A,0.42964430331764136
2025-03-09,Juventus,Atalanta,0.4856130051798895,0.2752564499474291,0.2391305448726814,Home,0.4856130051798895,H,19:45:00,A,2.5,3.25,2.88,2.55,3.2,2.9,,,,2.57,3.31,2.92,2.5,3.1,2.8,both,2025-09-06 19:45:00,279,H,False,147,0.5268817204301075,2.059252922251458,2.57,PSH,0.5107470777485417
2025-03-10,Lazio,Udinese,0.5745997496973715,0.2747338608281437,0.1506663894744846,Home,0.5745997496973715,H,19:45:00,D,1.73,3.5,5.25,1.73,3.7,5.0,,,,1.77,3.73,4.93,1.73,3.6,4.8,both,2025-09-06 19:45:00,280,H,False,147,0.525,1.7403418649706637,1.77,PSH,0.02965813502933634
2025-03-14,Genoa,Lecce,0.5699278070160094,0.2691399602580804,0.1609322327259101,Home,0.5699278070160094,H,19:45:00,H,2.15,2.9,4.2,2.1,2.9,4.4,,,,2.13,3.01,4.3,2.15,2.9,3.9,both,2025-09-06 19:45:00,281,H,True,148,0.5266903914590747,1.75460819368638,2.15,B365H,0.3953918063136199
2025-03-15,Udinese,Verona,0.5837558755017277,0.255656576255864,0.1605875482424082,Home,0.5837558755017277,H,14:00:00,A,1.73,3.5,5.0,1.75,3.5,5.0,,,,1.76,3.59,5.23,1.75,3.4,4.8,both,2025-09-06 14:00:00,282,H,False,148,0.524822695035461,1.7130448565344512,1.76,PSH,0.046955143465548854
2025-03-15,Monza,Parma,0.4356921955132067,0.3240031182824566,0.2403046862043366,Home,0.4356921955132067,H,14:00:00,D,3.1,3.0,2.45,3.0,3.1,2.55,,,,3.06,3.09,2.61,3.0,3.0,2.45,both,2025-09-06 14:00:00,283,H,False,148,0.5229681978798587,2.295198331065097,3.1,B365H,0.8048016689349029
2025-03-15,Milan,Como,0.6922484825797065,0.199318766552288,0.1084327508680055,Home,0.6922484825797065,H,17:00:00,H,1.8,3.6,4.5,1.8,3.8,4.5,,,,1.8,3.87,4.52,1.75,3.6,4.33,both,2025-09-06 17:00:00,284,H,True,149,0.5246478873239436,1.4445679913568588,1.8,B365H,0.3554320086431413
2025-03-15,Torino,Empoli,0.5693487097237184,0.2909929668744796,0.1396583234018021,Home,0.5693487097237184,H,19:45:00,H,1.8,3.3,5.0,1.85,3.4,4.75,,,,1.85,3.4,4.99,1.83,3.3,4.6,both,2025-09-06 19:45:00,285,H,True,150,0.5263157894736842,1.756392844879299,1.85,BFH,0.09360715512070117
2025-03-16,Bologna,Lazio,0.5011347049814886,0.2722256721018556,0.2266396229166558,Home,0.5011347049814886,H,14:00:00,H,2.4,3.1,3.25,2.4,3.1,3.25,,,,2.4,3.15,3.34,2.3,3.0,3.2,both,2025-09-06 14:00:00,287,H,True,151,0.5261324041811847,1.995471457194207,2.4,B365H,0.404528542805793
2025-03-16,Roma,Cagliari,0.6977867579418758,0.1949603996692861,0.1072528423888379,Home,0.6977867579418758,H,15:00:00,H,1.55,4.2,5.75,1.53,4.2,6.5,,,,1.56,4.19,6.39,1.55,4.0,5.8,both,2025-09-06 15:00:00,288,H,True,152,0.5277777777777778,1.4331025755626303,1.56,PSH,0.12689742443736973
2025-03-16,Fiorentina,Juventus,0.4212939114275518,0.2525541152746289,0.3261519732978194,Home,0.4212939114275518,H,17:00:00,H,3.4,3.2,2.25,3.5,3.1,2.3,,,,3.48,3.18,2.32,3.3,3.1,2.25,both,2025-09-06 17:00:00,289,H,True,153,0.5294117647058824,2.3736398102965843,3.5,BFH,1.1263601897034157
2025-03-16,Atalanta,Inter,0.3830089554973608,0.2817866753613088,0.3352043691413302,Home,0.3830089554973608,H,19:45:00,A,2.55,3.3,2.8,2.63,3.3,2.8,,,,2.57,3.38,2.87,2.5,3.3,2.62,both,2025-09-06 19:45:00,290,H,False,153,0.5275862068965518,2.6109050079558536,2.63,BFH,0.01909499204414633
2025-03-29,Venezia,Bologna,0.1357552163029871,0.221973523450078,0.6422712602469348,Away,0.6422712602469348,A,14:00:00,A,5.0,3.5,1.75,4.75,3.4,1.83,,,,4.86,3.51,1.83,,,,both,2025-09-06 14:00:00,292,A,True,154,0.5273972602739726,1.5569745400339552,1.83,BFA,0.2730254599660449
2025-03-29,Juventus,Genoa,0.6800195801712443,0.2020331954860698,0.1179472243426856,Home,0.6800195801712443,H,17:00:00,H,1.53,3.9,7.0,1.53,3.9,7.5,,,,1.54,4.06,7.08,,,,both,2025-09-06 17:00:00,293,H,True,155,0.5290102389078498,1.4705458918523748,1.54,PSH,0.0694541081476252
2025-03-29,Lecce,Roma,0.1241779507897955,0.2106247353050302,0.6651973139051742,Away,0.6651973139051742,A,19:45:00,A,4.75,3.5,1.75,4.75,3.4,1.8,,,,5.02,3.58,1.79,,,,both,2025-09-06 19:45:00,294,A,True,156,0.5306122448979592,1.503313346425438,1.8,BFA,0.29668665357456203
2025-03-30,Napoli,Milan,0.5347523448719381,0.266456730092945,0.1987909250351168,Home,0.5347523448719381,H,19:45:00,H,1.91,3.7,3.75,1.91,3.6,4.1,,,,1.98,3.64,3.91,,,,both,2025-09-06 19:45:00,298,H,True,159,0.5335570469798657,1.8700245255389745,1.98,PSH,0.10997547446102551
2025-03-31,Verona,Parma,0.4588749526452885,0.3505930534347591,0.1905319939199523,Home,0.4588749526452885,H,17:30:00,D,2.4,3.1,3.1,2.3,3.25,3.25,,,,2.5,3.03,3.3,,,,both,2025-09-06 17:30:00,299,H,False,159,0.5317725752508361,2.1792429380494047,2.5,PSH,0.3207570619505953
2025-03-31,Lazio,Torino,0.5846672934408065,0.2538219811898538,0.1615107253693395,Home,0.5846672934408065,H,19:45:00,D,1.75,3.3,5.25,1.75,3.5,5.5,,,,1.76,3.64,5.16,,,,both,2025-09-06 19:45:00,300,H,False,159,0.53,1.7103744492272392,1.76,PSH,0.04962555077276076
2025-04-04,Genoa,Udinese,0.4403258443935581,0.3168472842767159,0.2428268713297259,Home,0.4403258443935581,H,19:45:00,H,2.45,2.88,3.4,2.55,3.0,3.1,,,,2.52,3.01,3.35,,,,both,2025-09-06 19:45:00,301,H,True,160,0.53156146179402,2.271045437674132,2.55,BFH,0.2789545623258678
2025-04-05,Milan,Fiorentina,0.5426438070599836,0.2650228433545787,0.1923333495854376,Home,0.5426438070599836,H,19:45:00,D,1.9,3.5,4.2,1.91,3.6,4.1,,,,1.91,3.75,4.08,,,,both,2025-09-06 19:45:00,304,H,False,161,0.5296052631578947,1.8428294711736397,1.91,BFH,0.06717052882636021
2025-04-06,Lecce,Venezia,0.4459532014220991,0.3168917098048816,0.2371550887730192,Home,0.4459532014220991,H,11:30:00,D,2.3,3.1,3.4,2.25,3.1,3.5,,,,2.36,3.07,3.53,,,,both,2025-09-06 11:30:00,305,H,False,161,0.5278688524590164,2.2423877590991665,2.36,PSH,0.11761224090083333
2025-04-06,Torino,Verona,0.6315707282818257,0.2340854016951308,0.1343438700230435,Home,0.6315707282818257,H,14:00:00,D,1.8,3.2,5.25,1.8,3.5,5.0,,,,1.82,3.39,5.21,,,,both,2025-09-06 14:00:00,306,H,False,161,0.5261437908496732,1.583353938394957,1.82,PSH,0.23664606160504298
2025-04-06,Empoli,Cagliari,0.4407258906944911,0.30880012128295,0.2504739880225588,Home,0.4407258906944911,H,14:00:00,D,2.45,3.0,3.1,2.55,3.0,3.1,,,,2.6,3.09,3.08,,,,both,2025-09-06 14:00:00,307,H,False,161,0.5244299674267101,2.268984012770865,2.6,PSH,0.33101598722913517
2025-04-07,Bologna,Napoli,0.375905363686387,0.2748268733333087,0.3492677629803041,Home,0.375905363686387,H,19:45:00,D,2.9,3.0,2.7,2.9,3.0,2.7,,,,3.01,3.07,2.67,,,,both,2025-09-06 19:45:00,310,H,False,161,0.5193548387096775,2.6602440310862048,3.01,PSH,0.349755968913795
2025-04-13,Verona,Genoa,0.357520856192738,0.2952726457286816,0.3472064980785803,Home,0.357520856192738,H,14:00:00,D,3.0,2.9,2.63,3.0,2.88,2.75,,,,3.07,2.92,2.74,,,,both,2025-09-06 14:00:00,316,H,False,166,0.5253164556962026,2.797039620706503,3.07,PSH,0.2729603792934969
2025-04-13,Fiorentina,Parma,0.6450571089406121,0.2348513152791931,0.1200915757801949,Home,0.6450571089406121,H,14:00:00,D,1.73,3.8,4.75,1.7,3.75,5.0,,,,1.72,3.74,5.33,,,,both,2025-09-06 14:00:00,317,H,False,166,0.5236593059936908,1.5502503361947542,1.73,B365H,0.17974966380524582
2025-04-13,Como,Torino,0.2357649863430883,0.2733485398587378,0.4908864737981738,Away,0.4908864737981738,A,17:00:00,H,1.91,3.5,4.1,1.91,3.4,4.33,,,,1.93,3.49,4.34,,,,both,2025-09-06 17:00:00,318,A,False,166,0.5220125786163522,2.0371308915127013,4.34,PSA,2.3028691084872985
2025-04-13,Lazio,Roma,0.4986317427944045,0.277587224579328,0.2237810326262673,Home,0.4986317427944045,H,19:45:00,D,2.8,3.2,2.63,2.88,3.1,2.63,,,,2.91,3.24,2.63,,,,both,2025-09-06 19:45:00,319,H,False,166,0.5203761755485894,2.005488046941928,2.91,PSH,0.9045119530580723
2025-04-20,Bologna,Inter,0.3844102136434889,0.286865693205933,0.3287240931505779,Home,0.3844102136434889,H,17:00:00,H,3.4,3.1,2.3,3.5,3.0,2.3,,,,3.32,3.19,2.39,,,,both,2025-09-06 17:00:00,325,H,True,171,0.5261538461538462,2.601387696028867,3.5,BFH,0.8986123039711331
2025-04-23,Genoa,Lazio,0.2554411923753636,0.2680748067920345,0.4764840008326018,Away,0.4764840008326018,A,17:30:00,A,3.3,3.2,2.3,3.4,3.0,2.3,,,,3.48,3.18,2.32,,,,both,2025-09-06 17:30:00,328,A,True,172,0.524390243902439,2.0987063537340465,2.32,PSA,0.22129364626595338
2025-04-23,Torino,Udinese,0.5439102147828571,0.2731122068064914,0.1829775784106515,Home,0.5439102147828571,H,17:30:00,H,2.4,2.9,3.3,2.45,2.9,3.3,,,,2.43,3.08,3.38,,,,both,2025-09-06 17:30:00,329,H,True,173,0.5258358662613982,1.8385387382349965,2.45,BFH,0.6114612617650037
2025-04-23,Cagliari,Fiorentina,0.2462802097191432,0.269009025504751,0.4847107647761058,Away,0.4847107647761058,A,17:30:00,A,3.1,3.1,2.45,3.1,3.1,2.45,,,,3.12,3.21,2.5,,,,both,2025-09-06 17:30:00,330,A,True,174,0.5272727272727272,2.0630860147327508,2.5,PSA,0.4369139852672492
2025-04-27,Fiorentina,Empoli,0.6198683142767388,0.266040975337673,0.1140907103855881,Home,0.6198683142767388,H,14:00:00,H,1.83,3.5,4.5,1.83,3.5,4.75,,,,1.84,3.55,4.75,,,,both,2025-09-06 14:00:00,333,H,True,177,0.5315315315315315,1.6132458733058457,1.84,PSH,0.2267541266941544
2025-04-27,Inter,Roma,0.6129384410764066,0.2243293683217083,0.162732190601885,Home,0.6129384410764066,H,14:00:00,A,1.73,3.8,4.75,1.75,3.7,4.75,,,,1.78,3.78,4.76,,,,both,2025-09-06 14:00:00,334,H,False,177,0.5299401197604791,1.6314852079498532,1.78,PSH,0.14851479205014684
2025-04-28,Verona,Cagliari,0.4603031391461474,0.3330310514567273,0.2066658093971252,Home,0.4603031391461474,H,19:45:00,A,2.5,2.75,3.5,2.6,2.9,3.1,,,,2.7,2.76,3.33,,,,both,2025-09-06 19:45:00,339,H,False,179,0.528023598820059,2.1724813822799014,2.7,PSH,0.5275186177200988
2025-04-28,Lazio,Parma,0.6581417603320873,0.2286800029698369,0.1131782366980758,Home,0.6581417603320873,H,19:45:00,D,1.53,4.5,5.75,1.5,4.33,6.5,,,,1.52,4.51,6.36,,,,both,2025-09-06 19:45:00,340,H,False,179,0.5264705882352941,1.5194294911409616,1.53,B365H,0.01057050885903843
2025-05-02,Torino,Venezia,0.6436524281167162,0.2301183322778209,0.1262292396054628,Home,0.6436524281167162,H,19:45:00,D,2.5,2.88,3.25,2.45,2.9,3.4,,,,2.51,3.03,3.35,,,,both,2025-09-06 19:45:00,341,H,False,179,0.5249266862170088,1.5536335393403748,2.51,PSH,0.9563664606596249
2025-05-03,Parma,Como,0.2685107023573075,0.2529205244462346,0.4785687731964578,Away,0.4785687731964578,A,14:00:00,A,3.1,3.3,2.3,3.3,3.3,2.3,,,,3.2,3.41,2.34,,,,both,2025-09-06 14:00:00,343,A,True,180,0.5247813411078717,2.089563832844332,2.34,PSA,0.2504361671556681
2025-05-03,Inter,Verona,0.7393257378414894,0.1756300142013328,0.0850442479571778,Home,0.7393257378414894,H,19:45:00,H,1.3,5.25,10.0,1.33,4.75,10.0,,,,1.37,5.09,8.88,,,,both,2025-09-06 19:45:00,345,H,True,182,0.527536231884058,1.3525837784567956,1.37,PSH,0.017416221543204546
2025-05-04,Bologna,Juventus,0.5054154554811935,0.264938980413911,0.2296455641048954,Home,0.5054154554811935,H,19:45:00,D,2.4,3.1,3.2,2.45,3.0,3.3,,,,2.46,3.13,3.26,,,,both,2025-09-06 19:45:00,349,H,False,185,0.5300859598853869,1.978570281448803,2.46,PSH,0.4814297185511969
2025-05-09,Milan,Bologna,0.4816011150170612,0.2689173009993342,0.2494815839836045,Home,0.4816011150170612,H,19:45:00,H,2.3,3.4,3.0,2.45,3.3,2.9,,,,2.36,3.45,3.13,,,,both,2025-09-06 19:45:00,351,H,True,187,0.5327635327635327,2.076407152762871,2.45,BFH,0.37359284723712927
2025-05-10,Lazio,Juventus,0.4726716229328693,0.2745147352014908,0.2528136418656398,Home,0.4726716229328693,H,17:00:00,D,2.45,3.2,3.0,2.45,3.25,3.0,,,,2.45,3.25,3.15,,,,both,2025-09-06 17:00:00,353,H,False,188,0.5325779036827195,2.115633669301159,2.45,B365H,0.33436633069884136
2025-05-10,Empoli,Parma,0.4553386445705698,0.3021503338506271,0.2425110215788031,Home,0.4553386445705698,H,19:45:00,H,2.15,3.3,3.5,2.2,3.3,3.4,,,,2.17,3.42,3.58,,,,both,2025-09-06 19:45:00,354,H,True,189,0.5338983050847458,2.1961676478022216,2.2,BFH,0.0038323521977785546
2025-05-11,Verona,Lecce,0.4840272671414706,0.3050233628962695,0.2109493699622598,Home,0.4840272671414706,H,14:00:00,D,2.15,3.0,3.75,2.45,2.88,3.5,,,,2.24,3.07,3.82,,,,both,2025-09-06 14:00:00,356,H,False,189,0.5308988764044944,2.065999310133332,2.45,BFH,0.38400068986666813
2025-05-12,Venezia,Fiorentina,0.1642694177898568,0.2241800245932218,0.6115505576169213,Away,0.6115505576169213,A,17:30:00,H,3.1,3.2,2.38,3.1,3.0,2.3,,,,3.11,3.28,2.46,,,,both,2025-09-06 17:30:00,359,A,False,190,0.5292479108635098,1.635187782179091,2.46,PSA,0.824812217820909
2025-05-18,Lecce,Torino,0.2025323911784906,0.2879033721580606,0.5095642366634487,Away,0.5095642366634487,A,19:45:00,H,1.83,3.4,4.6,1.91,3.3,4.6,,,,1.88,3.46,4.62,,,,both,2025-09-06 19:45:00,362,A,False,192,0.5303867403314917,1.9624611149084008,4.62,PSA,2.6575388850915993
2025-05-18,Cagliari,Venezia,0.443312576578021,0.3129037029564149,0.243783720465564,Home,0.443312576578021,H,19:45:00,H,2.6,3.0,3.0,2.63,3.0,3.0,,,,2.65,2.98,3.12,,,,both,2025-09-06 19:45:00,363,H,True,193,0.5316804407713499,2.25574471114515,2.65,PSH,0.39425528885485006
2025-05-18,Fiorentina,Bologna,0.4619763305015827,0.2677825891631416,0.2702410803352756,Home,0.4619763305015827,H,19:45:00,H,2.75,3.0,2.75,2.8,3.1,2.7,,,,2.82,3.16,2.77,,,,both,2025-09-06 19:45:00,364,H,True,194,0.532967032967033,2.1646130634317724,2.82,PSH,0.6553869365682274
2025-05-18,Monza,Empoli,0.4076121025990867,0.313081513714404,0.2793063836865092,Home,0.4076121025990867,H,19:45:00,A,5.0,3.6,1.73,5.0,3.6,1.75,,,,4.86,3.68,1.74,,,,both,2025-09-06 19:45:00,365,H,False,194,0.5315068493150685,2.4533128276212293,5.0,B365H,2.5466871723787707
2025-05-18,Roma,Milan,0.4911097909984836,0.2562209353659356,0.2526692736355808,Home,0.4911097909984836,H,19:45:00,H,2.3,3.6,2.9,2.3,3.5,3.0,,,,2.36,3.6,3.02,,,,both,2025-09-06 19:45:00,367,H,True,196,0.5340599455040872,2.0362045683652186,2.36,PSH,0.3237954316347813
2025-05-25,Atalanta,Parma,0.7348845902553564,0.1797879941734809,0.0853274155711626,Home,0.7348845902553564,H,19:45:00,A,1.75,3.5,5.0,1.73,3.75,5.0,,,,1.78,3.6,5.1,,,,both,2025-09-06 19:45:00,380,H,False,202,0.531578947368421,1.3607578839726682,1.78,PSH,0.41924211602733186
